Country Name,Country Code,Indicator Name,Indicator Code,1960,1961,1962,1963,1964,1965,1966,1967,1968,1969,1970,1971,1972,1973,1974,1975,1976,1977,1978,1979,1980,1981,1982,1983,1984,1985,1986,1987,1988,1989,1990,1991,1992,1993,1994,1995,1996,1997,1998,1999,2000,2001,2002,2003,2004,2005,2006,2007,2008,2009,2010,2011,2012,2013,2014,2015,2016,2017,2018,2019
Aruba,ABW,"PPG, IBRD (DOD, current US$)",DT.DOD.MIBR.CD,,,,,,,,,,,,,,,,,,,,,,,,,,,,,,,,,,,,,,,,,,,,,,,,,,,,,,,,,,,,
Afghanistan,AFG,"PPG, IBRD (DOD, current US$)",DT.DOD.MIBR.CD,,,,,,,,,,,0,0,0,0,0,0,0,0,0,0,0,0,0,0,0,0,0,0,0,0,0,0,0,0,0,0,0,0,0,0,0,0,0,0,0,0,0,0,0,0,0,0,0,0,0,0,0,0,0,
Angola,AGO,"PPG, IBRD (DOD, current US$)",DT.DOD.MIBR.CD,,,,,,,,,,,0,0,0,0,0,0,0,0,0,0,0,0,0,0,0,0,0,0,0,0,0,0,0,0,0,0,0,0,0,0,0,0,0,0,0,0,0,0,0,0,0,0,0,0,0,450000000,450000000,464640000,496387000,
Albania,ALB,"PPG, IBRD (DOD, current US$)",DT.DOD.MIBR.CD,,,,,,,,,,,0,0,0,0,0,0,0,0,0,0,0,0,0,0,0,0,0,0,0,0,0,0,0,0,0,0,0,0,0,0,0,0,0,0,0,0,0,5587000,17107000,24297000,25699000,50619000,59478000,66964000,272301000,265137000,289905000,595499000,653274000,
Andorra,AND,"PPG, IBRD (DOD, current US$)",DT.DOD.MIBR.CD,,,,,,,,,,,,,,,,,,,,,,,,,,,,,,,,,,,,,,,,,,,,,,,,,,,,,,,,,,,,
Arab World,ARB,"PPG, IBRD (DOD, current US$)",DT.DOD.MIBR.CD,,,,,,,,,,,,,,,,,,,,,,,,,,,,,,,,,,,,,,,,,,,,,,,,,,,,,,,,,,,,
United Arab Emirates,ARE,"PPG, IBRD (DOD, current US$)",DT.DOD.MIBR.CD,,,,,,,,,,,,,,,,,,,,,,,,,,,,,,,,,,,,,,,,,,,,,,,,,,,,,,,,,,,,
Argentina,ARG,"PPG, IBRD (DOD, current US$)",DT.DOD.MIBR.CD,,,,,,,,,,,181339000,218681000,256136000,302166000,339918000,341219000,342488000,342849000,351725000,366976000,403667000,477355000,503629000,533427000,503033000,699646000,1140204000,2146470000,2265241000,2281167000,2608870000,2789870000,2505366000,3739414000,4109378000,4913253000,5372447000,5494472000,7188440000,8313982000,8789137000,9440018000,8512828000,7508015000,7446990000,6880617000,6205632000,5674043000,5069214000,5304855000,5349319000,5554746000,5624989000,6121408000,6007304000,5851771000,6047721000,6327228000,6879292000,
Armenia,ARM,"PPG, IBRD (DOD, current US$)",DT.DOD.MIBR.CD,,,,,,,,,,,0,0,0,0,0,0,0,0,0,0,0,0,0,0,0,0,0,0,0,0,0,0,0,503000,1573000,4820000,9764000,9853000,9727000,9246000,8284000,7359000,7557000,7843000,7584000,6314000,5857000,5394000,4872000,53394000,105809000,150787000,235867000,310887000,410818000,510862000,643262000,676142000,725259000,
American Samoa,ASM,"PPG, IBRD (DOD, current US$)",DT.DOD.MIBR.CD,,,,,,,,,,,,,,,,,,,,,,,,,,,,,,,,,,,,,,,,,,,,,,,,,,,,,,,,,,,,
Antigua and Barbuda,ATG,"PPG, IBRD (DOD, current US$)",DT.DOD.MIBR.CD,,,,,,,,,,,,,,,,,,,,,,,,,,,,,,,,,,,,,,,,,,,,,,,,,,,,,,,,,,,,
Australia,AUS,"PPG, IBRD (DOD, current US$)",DT.DOD.MIBR.CD,,,,,,,,,,,,,,,,,,,,,,,,,,,,,,,,,,,,,,,,,,,,,,,,,,,,,,,,,,,,
Austria,AUT,"PPG, IBRD (DOD, current US$)",DT.DOD.MIBR.CD,,,,,,,,,,,,,,,,,,,,,,,,,,,,,,,,,,,,,,,,,,,,,,,,,,,,,,,,,,,,
Azerbaijan,AZE,"PPG, IBRD (DOD, current US$)",DT.DOD.MIBR.CD,,,,,,,,,,,0,0,0,0,0,0,0,0,0,0,0,0,0,0,0,0,0,0,0,0,0,0,0,0,0,0,0,0,0,0,0,0,0,0,0,0,5394000,21403000,77730000,199288000,300495000,468700000,808436000,1043067000,1348553000,1577782000,1736338000,2161398000,2093832000,
Burundi,BDI,"PPG, IBRD (DOD, current US$)",DT.DOD.MIBR.CD,,,,,,,,,,,2529000,2225000,1903000,1564000,1205000,825000,424000,0,0,0,0,0,0,0,0,0,0,0,0,0,0,0,0,0,0,0,0,0,0,0,0,0,0,0,0,0,0,0,0,0,0,0,0,0,0,0,0,0,0,
Belgium,BEL,"PPG, IBRD (DOD, current US$)",DT.DOD.MIBR.CD,,,,,,,,,,,,,,,,,,,,,,,,,,,,,,,,,,,,,,,,,,,,,,,,,,,,,,,,,,,,
Benin,BEN,"PPG, IBRD (DOD, current US$)",DT.DOD.MIBR.CD,,,,,,,,,,,0,0,0,0,0,0,0,0,0,0,0,0,0,0,0,0,0,0,0,0,0,0,0,0,0,0,0,0,0,0,0,0,0,0,0,0,0,0,0,0,0,0,0,0,0,0,0,0,0,
Burkina Faso,BFA,"PPG, IBRD (DOD, current US$)",DT.DOD.MIBR.CD,,,,,,,,,,,0,0,0,0,0,0,0,0,0,0,0,0,0,0,0,0,0,0,0,0,0,0,0,0,0,0,0,0,0,0,0,0,0,0,0,0,0,0,0,0,0,0,0,0,0,0,0,0,0,
Bangladesh,BGD,"PPG, IBRD (DOD, current US$)",DT.DOD.MIBR.CD,,,,,,,,,,,0,0,0,0,54896000,54896000,54896000,54896000,54896000,54896000,54896000,54896000,54896000,54896000,49597000,54811000,61222000,70245000,65806000,62420000,63797000,64516000,59910000,57562000,57557000,54605000,46455000,38249000,35884000,30781000,23687000,17040000,12732000,7284000,0,0,0,0,0,0,0,0,0,0,0,0,0,0,0,
Bulgaria,BGR,"PPG, IBRD (DOD, current US$)",DT.DOD.MIBR.CD,,,,,,,,,,,0,0,0,0,0,0,0,0,0,0,0,0,0,0,0,0,0,0,0,0,0,60531000,152235000,158002000,415410000,443540000,452872000,501322000,697094000,828896000,824229000,844337000,958416000,1265920000,1497831000,1453051000,1330716000,1603616000,1206673000,1509462000,1338325000,1243760000,1209848000,1201016000,969004000,785901000,920164000,1129467000,831214000,
Bahrain,BHR,"PPG, IBRD (DOD, current US$)",DT.DOD.MIBR.CD,,,,,,,,,,,,,,,,,,,,,,,,,,,,,,,,,,,,,,,,,,,,,,,,,,,,,,,,,,,,
"Bahamas, The",BHS,"PPG, IBRD (DOD, current US$)",DT.DOD.MIBR.CD,,,,,,,,,,,,,,,,,,,,,,,,,,,,,,,,,,,,,,,,,,,,,,,,,,,,,,,,,,,,
Bosnia and Herzegovina,BIH,"PPG, IBRD (DOD, current US$)",DT.DOD.MIBR.CD,,,,,,,,,,,0,0,0,0,0,0,0,0,0,0,0,0,0,0,0,0,0,0,0,0,0,0,0,424209000,452174000,472437000,588897000,565627000,581079000,578426000,561519000,540257000,537863000,540147000,527009000,481410000,465699000,453245000,442852000,417385000,445199000,457831000,455453000,438816000,443968000,475558000,454780000,467078000,560074000,
Belarus,BLR,"PPG, IBRD (DOD, current US$)",DT.DOD.MIBR.CD,,,,,,,,,,,0,0,0,0,0,0,0,0,0,0,0,0,0,0,0,0,0,0,0,0,0,0,0,100000,101043000,115533000,120744000,123754000,134887000,122328000,105154000,91369000,89247000,83684000,73031000,58670000,49700000,42311000,42321000,255630000,291336000,317548000,424328000,556657000,589814000,641812000,724620000,821832000,905166000,
Belize,BLZ,"PPG, IBRD (DOD, current US$)",DT.DOD.MIBR.CD,,,,,,,,,,,0,0,0,0,0,0,0,0,0,0,0,0,0,945000,2094000,5379000,7049000,9387000,9180000,13732000,17515000,18630000,19231000,20100000,25647000,29508000,32517000,39924000,41431000,41336000,39965000,43183000,44431000,41717000,39981000,36410000,31558000,26541000,21600000,17028000,12528000,10428000,11280000,12326000,12692000,14130000,16718000,16497000,18799000,
Bermuda,BMU,"PPG, IBRD (DOD, current US$)",DT.DOD.MIBR.CD,,,,,,,,,,,,,,,,,,,,,,,,,,,,,,,,,,,,,,,,,,,,,,,,,,,,,,,,,,,,
Bolivia,BOL,"PPG, IBRD (DOD, current US$)",DT.DOD.MIBR.CD,,,,,,,,,,,0,15315000,23009000,22622000,20738000,20936000,31307000,51652000,74450000,105293000,175307000,202690000,212183000,212721000,175461000,207040000,234733000,270056000,227951000,199161000,193671000,171949000,145467000,129042000,116313000,94614000,61354000,36916000,26024000,12609000,243000,0,0,0,150000,150000,150000,150000,150000,142000,133000,125000,117000,108000,100000,100092000,100498000,100990000,117795000,
Brazil,BRA,"PPG, IBRD (DOD, current US$)",DT.DOD.MIBR.CD,,,,,,,,,,,205969000,292749000,430949000,595841000,821285000,1044749000,1172511000,1370769000,1561797000,1789535000,2034718000,2285900000,2694305000,3628249000,3969065000,5274417000,7545730000,9383596000,8610994000,8310966000,8426717000,8164643000,7238026000,6574882000,6310906000,6037664000,5876244000,5742737000,6298359000,6822419000,7376553000,7963197000,8584823000,8588160000,8668375000,8083177000,9694176000,9676332000,10670772000,10065337000,13523256000,9033932000,11438808000,13598409000,15288165000,15753003000,16254592000,16389947000,16213257000,
Barbados,BRB,"PPG, IBRD (DOD, current US$)",DT.DOD.MIBR.CD,,,,,,,,,,,,,,,,,,,,,,,,,,,,,,,,,,,,,,,,,,,,,,,,,,,,,,,,,,,,
Brunei Darussalam,BRN,"PPG, IBRD (DOD, current US$)",DT.DOD.MIBR.CD,,,,,,,,,,,,,,,,,,,,,,,,,,,,,,,,,,,,,,,,,,,,,,,,,,,,,,,,,,,,
Bhutan,BTN,"PPG, IBRD (DOD, current US$)",DT.DOD.MIBR.CD,,,,,,,,,,,0,0,0,0,0,0,0,0,0,0,0,0,0,0,0,0,0,0,0,0,0,0,0,0,0,0,0,0,0,0,0,0,0,0,0,0,0,0,0,0,0,0,0,0,0,0,0,0,0,
Botswana,BWA,"PPG, IBRD (DOD, current US$)",DT.DOD.MIBR.CD,,,,,,,,,,,0,0,12491000,25926000,31612000,34016000,35985000,38783000,40479000,45671000,49971000,60707000,71595000,86104000,88591000,122054000,148181000,180359000,163049000,155209000,155238000,150030000,129346000,124693000,113595000,96266000,68750000,47084000,36162000,24290000,15563000,10238000,7448000,4957000,3424000,2089000,1086000,12000,0,0,6487000,59463000,97454000,109451000,132750000,129264000,156837000,150019000,172511000,
Central African Republic,CAF,"PPG, IBRD (DOD, current US$)",DT.DOD.MIBR.CD,,,,,,,,,,,0,0,0,0,0,0,0,0,0,0,0,0,0,0,0,0,0,0,0,0,0,0,0,0,0,0,0,0,0,0,0,0,0,0,0,0,0,0,0,0,0,0,0,0,0,0,0,0,0,
Canada,CAN,"PPG, IBRD (DOD, current US$)",DT.DOD.MIBR.CD,,,,,,,,,,,,,,,,,,,,,,,,,,,,,,,,,,,,,,,,,,,,,,,,,,,,,,,,,,,,
Central Europe and the Baltics,CEB,"PPG, IBRD (DOD, current US$)",DT.DOD.MIBR.CD,,,,,,,,,,,,,,,,,,,,,,,,,,,,,,,,,,,,,,,,,,,,,,,,,,,,,,,,,,,,
Switzerland,CHE,"PPG, IBRD (DOD, current US$)",DT.DOD.MIBR.CD,,,,,,,,,,,,,,,,,,,,,,,,,,,,,,,,,,,,,,,,,,,,,,,,,,,,,,,,,,,,
Channel Islands,CHI,"PPG, IBRD (DOD, current US$)",DT.DOD.MIBR.CD,,,,,,,,,,,,,,,,,,,,,,,,,,,,,,,,,,,,,,,,,,,,,,,,,,,,,,,,,,,,
Chile,CHL,"PPG, IBRD (DOD, current US$)",DT.DOD.MIBR.CD,,,,,,,,,,,,,,,,,,,,,,,,,,,,,,,,,,,,,,,,,,,,,,,,,,,,,,,,,,,,
China,CHN,"PPG, IBRD (DOD, current US$)",DT.DOD.MIBR.CD,,,,,,,,,,,0,0,0,0,0,0,0,0,0,0,0,0,0,4013000,73287000,498208000,965355000,1427332000,1831486000,2329622000,2865140000,3493654000,3751945000,4549049000,5933288000,7209433000,7615907000,8238641000,9644393000,10400447000,11118246000,11549545000,11254207000,10656808000,11034761000,11139798000,11415040000,11761514000,12464003000,12756051000,12961701000,13021286000,12913033000,12824491000,12897877000,13069721000,13145616000,13906782000,14371236000,
Cote d'Ivoire,CIV,"PPG, IBRD (DOD, current US$)",DT.DOD.MIBR.CD,,,,,,,,,,,4463000,10598000,17678000,28905000,49010000,72528000,85443000,120308000,175052000,227878000,306159000,340647000,540433000,718750000,768476000,964914000,1253359000,1872225000,1694844000,1653552000,1912861000,1986408000,1875186073,1752284825,1691231275,1573286558,1304229000,1043797000,941510000,707876000,599488000,498649000,479113000,480814000,478786000,422532000,456159000,479081000,117003000,41958000,14219000,0,0,0,0,0,0,0,17273000,
Cameroon,CMR,"PPG, IBRD (DOD, current US$)",DT.DOD.MIBR.CD,,,,,,,,,,,3423000,7740000,13827000,23124000,28671000,49739000,57473000,71589000,102419000,129585000,152156000,167347000,181744000,217520000,208005000,287139000,401432000,545004000,508344000,572238000,651315000,723513000,723305000,706919000,694531000,639066000,520168000,410156000,349556000,276123000,218028000,178649000,141674000,145294000,117000000,83623000,45841000,40464000,35024000,29584000,24123000,18671000,13337000,8002000,2667000,0,0,224394000,251561000,
"Congo, Dem. Rep.",COD,"PPG, IBRD (DOD, current US$)",DT.DOD.MIBR.CD,,,,,,,,,,,4991000,3430000,2450000,1470000,490000,11776000,32367000,56367000,74834000,70389000,87278000,80432000,72897000,64950000,43739000,46095000,46407000,50190000,36576000,30168000,48510000,87100000,81307000,83097000,88310000,91708000,86535000,82162000,84192000,82391000,81055000,80530000,0,0,0,0,0,0,0,0,0,0,0,0,0,0,0,0,0,
"Congo, Rep.",COG,"PPG, IBRD (DOD, current US$)",DT.DOD.MIBR.CD,,,,,,,,,,,29300000,27840000,26290000,24645000,22900000,21050000,25638000,25291000,41847000,41795000,39369000,41835000,42419000,43493000,36584000,57548000,81915000,120111000,154069000,155773000,164186000,165291000,159555000,162194000,115927000,104799000,82221000,72967000,70591000,68005000,64841000,16030000,9577000,3153000,0,0,0,0,0,0,0,0,0,0,0,112000,4079000,8886000,24591000,
Colombia,COL,"PPG, IBRD (DOD, current US$)",DT.DOD.MIBR.CD,,,,,,,,,,,354064000,390750000,453448000,504539000,561662000,633549000,671619000,716247000,751466000,838435000,990726000,1163931000,1346166000,1511264000,1577952000,2398488600,3259789780,4110905012,3898483179,3808455749,3859394333,3727474054,3194792295,2968758000,2629258000,2548284000,2176567000,1722665000,1739934000,1959571000,1919741000,2005788000,2348491000,3240866000,3489727000,3895655000,4563196000,4755639000,5437683000,6570296000,7503569000,7582725000,7705792000,7887727000,8347506000,8610106000,9515722000,9520081000,10233456000,
Comoros,COM,"PPG, IBRD (DOD, current US$)",DT.DOD.MIBR.CD,,,,,,,,,,,0,0,0,0,0,0,0,0,0,0,0,0,0,0,0,0,0,0,0,0,0,0,0,0,0,0,0,0,0,0,0,0,0,0,0,0,0,0,0,0,0,0,0,0,0,0,0,0,0,
Cabo Verde,CPV,"PPG, IBRD (DOD, current US$)",DT.DOD.MIBR.CD,,,,,,,,,,,0,0,0,0,0,0,0,0,0,0,0,0,0,0,0,0,0,0,0,0,0,0,0,0,0,0,0,0,0,0,0,0,0,0,0,0,0,0,0,0,0,0,1384000,19706000,39335000,40752000,41151000,45593000,42364000,
Costa Rica,CRI,"PPG, IBRD (DOD, current US$)",DT.DOD.MIBR.CD,,,,,,,,,,,36072000,43681000,54934000,63675000,75178000,85045000,103956000,124049000,140829000,155460000,178268000,192016000,199637000,205610000,190950000,308371000,413442000,495506000,418263000,414963000,408894000,403729000,372163000,343904000,323310000,300401000,245449000,191007000,172187000,148852000,120957000,102222000,91189000,79630000,70705000,58620000,52939000,44981000,40740000,57461000,569795000,586564000,585145000,598681000,599966000,601507000,736039000,788228000,903444000,
Caribbean small states,CSS,"PPG, IBRD (DOD, current US$)",DT.DOD.MIBR.CD,,,,,,,,,,,,,,,,,,,,,,,,,,,,,,,,,,,,,,,,,,,,,,,,,,,,,,,,,,,,
Cuba,CUB,"PPG, IBRD (DOD, current US$)",DT.DOD.MIBR.CD,,,,,,,,,,,,,,,,,,,,,,,,,,,,,,,,,,,,,,,,,,,,,,,,,,,,,,,,,,,,
Curacao,CUW,"PPG, IBRD (DOD, current US$)",DT.DOD.MIBR.CD,,,,,,,,,,,,,,,,,,,,,,,,,,,,,,,,,,,,,,,,,,,,,,,,,,,,,,,,,,,,
Cayman Islands,CYM,"PPG, IBRD (DOD, current US$)",DT.DOD.MIBR.CD,,,,,,,,,,,,,,,,,,,,,,,,,,,,,,,,,,,,,,,,,,,,,,,,,,,,,,,,,,,,
Cyprus,CYP,"PPG, IBRD (DOD, current US$)",DT.DOD.MIBR.CD,,,,,,,,,,,,,,,,,,,,,,,,,,,,,,,,,,,,,,,,,,,,,,,,,,,,,,,,,,,,
Czech Republic,CZE,"PPG, IBRD (DOD, current US$)",DT.DOD.MIBR.CD,,,,,,,,,,,,,,,,,,,,,,,,,,,,,,,,,,,,,,,,,,,,,,,,,,,,,,,,,,,,
Germany,DEU,"PPG, IBRD (DOD, current US$)",DT.DOD.MIBR.CD,,,,,,,,,,,,,,,,,,,,,,,,,,,,,,,,,,,,,,,,,,,,,,,,,,,,,,,,,,,,
Djibouti,DJI,"PPG, IBRD (DOD, current US$)",DT.DOD.MIBR.CD,,,,,,,,,,,0,0,0,0,0,0,0,0,0,0,0,0,0,0,0,0,0,0,0,0,0,0,0,0,0,0,0,0,0,0,0,0,0,0,0,0,0,0,0,0,0,0,0,0,0,0,0,0,0,
Dominica,DMA,"PPG, IBRD (DOD, current US$)",DT.DOD.MIBR.CD,,,,,,,,,,,0,0,0,0,0,0,0,0,0,0,0,0,0,0,0,0,0,0,0,0,0,0,0,0,0,0,0,0,376000,1673000,2403000,2669000,3659000,4088000,4092000,3905000,3302000,2544000,1789000,1212000,805000,448000,248000,151000,92000,31000,0,0,0,
Denmark,DNK,"PPG, IBRD (DOD, current US$)",DT.DOD.MIBR.CD,,,,,,,,,,,,,,,,,,,,,,,,,,,,,,,,,,,,,,,,,,,,,,,,,,,,,,,,,,,,
Dominican Republic,DOM,"PPG, IBRD (DOD, current US$)",DT.DOD.MIBR.CD,,,,,,,,,,,10549000,25000000,25000000,23913000,21739000,19575000,20433000,23286000,25397000,29090000,65729000,92944000,115698000,139069000,119465000,152283000,180216000,219161000,193474000,201332000,238171000,253704000,255226000,261054000,276147000,282483000,243899000,208793000,204021000,275153000,291791000,316585000,350123000,349548000,378861000,405277000,438015000,472375000,449469000,748103000,864273000,851355000,909694000,895717000,883166000,927832000,929592000,920035000,920796000,
Algeria,DZA,"PPG, IBRD (DOD, current US$)",DT.DOD.MIBR.CD,,,,,,,,,,,15814000,13215000,10391000,7503000,6423000,36279000,84972000,137635000,187216000,227011000,252522000,274909000,279870000,323309000,284402000,479482000,693242000,924060000,895204000,960141000,1207954000,1412632000,1473697000,1511735000,1708657000,2049331000,1939124000,1795369000,1676442000,1539516000,1424572000,1328544000,1202928000,1056099000,909342000,778821000,118585000,112701000,10536000,9701000,9170000,8328000,7182000,1930000,1519000,1117000,725000,0,0,
East Asia & Pacific (excluding high income),EAP,"PPG, IBRD (DOD, current US$)",DT.DOD.MIBR.CD,,,,,,,,,,,293528000,318336000,354807000,398972000,451453000,624469000,894251000,1225317000,1619682000,2105003000,2725054000,3670291000,4630749000,5968535000,6045563500,8848592600,11991638800,16206035320,16092319940,16873321140,19073940952,20922980440,20785399064,22664865090,24899128141,26853268577,25330648379,24436168534,27056077778,28856745000,29663916000,29521788000,27937398000,26259267000,24047718000,22798132000,22113330000,21557667000,22190006000,23344244000,25493910000,27004722000,27972904000,30021932000,31220878000,34533295000,36254965000,38583816000,40649688000,
Early-demographic dividend,EAR,"PPG, IBRD (DOD, current US$)",DT.DOD.MIBR.CD,,,,,,,,,,,,,,,,,,,,,,,,,,,,,,,,,,,,,,,,,,,,,,,,,,,,,,,,,,,,
East Asia & Pacific,EAS,"PPG, IBRD (DOD, current US$)",DT.DOD.MIBR.CD,,,,,,,,,,,,,,,,,,,,,,,,,,,,,,,,,,,,,,,,,,,,,,,,,,,,,,,,,,,,
Europe & Central Asia (excluding high income),ECA,"PPG, IBRD (DOD, current US$)",DT.DOD.MIBR.CD,,,,,,,,,,,297245000,349236000,408332000,492689000,632665000,866095000,1189975000,1557878000,1998917000,2622612000,3322831000,4171627000,5128912000,5892726000,5512543000,7333355000,9286061360,11639981648,9611211416,8263276696,8704329096,8391353414,7903052340,7942816155,9229168981,10790878445,11854931999,14396411000,16698722885,17498552000,18571903000,19780069000,21935033000,22530316000,23549504000,21596067000,22032578000,22578885000,22983108000,25455851325,27785772000,29297897000,30869670000,33294710000,33596684000,33578280000,33828429000,37544262000,36744854000,
Europe & Central Asia,ECS,"PPG, IBRD (DOD, current US$)",DT.DOD.MIBR.CD,,,,,,,,,,,,,,,,,,,,,,,,,,,,,,,,,,,,,,,,,,,,,,,,,,,,,,,,,,,,
Ecuador,ECU,"PPG, IBRD (DOD, current US$)",DT.DOD.MIBR.CD,,,,,,,,,,,33624000,31952000,34294000,35805000,37192000,43032000,41983000,43649000,60396000,85229000,109424000,151250000,173635000,201005000,205521000,269274000,466792000,689249000,755707000,760649000,816102000,816067000,782940000,759312000,830339000,1081932000,979851000,850838000,853533000,861417000,840406000,888599000,828627000,887980000,834510000,799342000,745867000,683631000,612317000,531633000,446174000,367194000,295974000,229365000,177525000,252367000,242288000,396506000,615354000,
"Egypt, Arab Rep.",EGY,"PPG, IBRD (DOD, current US$)",DT.DOD.MIBR.CD,,,,,,,,,,,22000000,16500000,11000000,5500000,0,13670000,49674000,86621000,143072000,258397000,420475000,539778000,616091000,728195000,720305000,1047958000,1368041000,1702707000,1514694000,1448309000,1480361000,1382440000,1380885000,1357102000,1410574000,1320372000,1075400000,869030000,846492000,761245000,639009000,549905000,542428000,539075000,502999000,492006000,543505000,1180700000,1255400000,1850003000,2542750000,2793777000,3109169000,3441166000,3864948000,4673201000,6310494000,7709748000,9333116000,
Euro area,EMU,"PPG, IBRD (DOD, current US$)",DT.DOD.MIBR.CD,,,,,,,,,,,,,,,,,,,,,,,,,,,,,,,,,,,,,,,,,,,,,,,,,,,,,,,,,,,,
Eritrea,ERI,"PPG, IBRD (DOD, current US$)",DT.DOD.MIBR.CD,,,,,,,,,,,0,0,0,0,0,0,0,0,0,0,0,0,0,0,0,0,0,0,0,0,0,0,0,0,0,0,0,0,0,0,0,0,0,0,0,0,0,0,0,0,0,0,0,0,0,0,0,0,0,
Spain,ESP,"PPG, IBRD (DOD, current US$)",DT.DOD.MIBR.CD,,,,,,,,,,,,,,,,,,,,,,,,,,,,,,,,,,,,,,,,,,,,,,,,,,,,,,,,,,,,
Estonia,EST,"PPG, IBRD (DOD, current US$)",DT.DOD.MIBR.CD,,,,,,,,,,,,,,,,,,,,,,,,,,,,,,,,,,,,,,,,,,,,,,,,,,,,,,,,,,,,
Ethiopia,ETH,"PPG, IBRD (DOD, current US$)",DT.DOD.MIBR.CD,,,,,,,,,,,47352000,57084000,64170000,67409000,66481000,69386000,68564000,65676000,62602000,59388000,55799000,51883000,47880000,43765000,43842000,48970000,54366000,56854000,41789000,31338000,27045000,19822000,12426000,6879000,3526000,0,0,0,0,0,0,0,0,0,0,0,0,0,0,0,0,0,0,0,0,0,0,0,0,
European Union,EUU,"PPG, IBRD (DOD, current US$)",DT.DOD.MIBR.CD,,,,,,,,,,,,,,,,,,,,,,,,,,,,,,,,,,,,,,,,,,,,,,,,,,,,,,,,,,,,
Fragile and conflict affected situations,FCS,"PPG, IBRD (DOD, current US$)",DT.DOD.MIBR.CD,,,,,,,,,,,,,,,,,,,,,,,,,,,,,,,,,,,,,,,,,,,,,,,,,,,,,,,,,,,,
Finland,FIN,"PPG, IBRD (DOD, current US$)",DT.DOD.MIBR.CD,,,,,,,,,,,,,,,,,,,,,,,,,,,,,,,,,,,,,,,,,,,,,,,,,,,,,,,,,,,,
Fiji,FJI,"PPG, IBRD (DOD, current US$)",DT.DOD.MIBR.CD,,,,,,,,,,,0,657000,657000,5677000,11020000,14728000,18600000,22976000,25425000,28565000,33539000,42641000,53510000,70343000,58725000,63399000,70985000,80146000,71862000,66215000,67839000,65054000,53161000,43647000,39632000,35275000,32776000,30315000,31772000,28081000,19697000,14755000,12047000,11130000,9258000,6287000,4268000,2649000,1461000,18000,0,0,0,0,0,0,50178000,53563000,73100000,
France,FRA,"PPG, IBRD (DOD, current US$)",DT.DOD.MIBR.CD,,,,,,,,,,,,,,,,,,,,,,,,,,,,,,,,,,,,,,,,,,,,,,,,,,,,,,,,,,,,
Faroe Islands,FRO,"PPG, IBRD (DOD, current US$)",DT.DOD.MIBR.CD,,,,,,,,,,,,,,,,,,,,,,,,,,,,,,,,,,,,,,,,,,,,,,,,,,,,,,,,,,,,
"Micronesia, Fed. Sts.",FSM,"PPG, IBRD (DOD, current US$)",DT.DOD.MIBR.CD,,,,,,,,,,,,,,,,,,,,,,,,,,,,,,,,,,,,,,,,,,,,,,,,,,,,,,,,,,,,
Gabon,GAB,"PPG, IBRD (DOD, current US$)",DT.DOD.MIBR.CD,,,,,,,,,,,29280000,27596000,24052000,19853000,17298000,19297000,20972000,21291000,21269000,20320000,18626000,16962000,15232000,14636000,10205000,11053000,12348000,13819000,20013000,56408000,69374000,80515000,81452000,85939000,113829000,109928000,91713000,77192000,74699000,68353000,64234000,54859000,50076000,48739000,38194000,29575000,18783000,11814000,20499000,18273000,22499000,34558000,33638000,35742000,31729000,46410000,66867000,335548000,368757000,
United Kingdom,GBR,"PPG, IBRD (DOD, current US$)",DT.DOD.MIBR.CD,,,,,,,,,,,,,,,,,,,,,,,,,,,,,,,,,,,,,,,,,,,,,,,,,,,,,,,,,,,,
Georgia,GEO,"PPG, IBRD (DOD, current US$)",DT.DOD.MIBR.CD,,,,,,,,,,,0,0,0,0,0,0,0,0,0,0,0,0,0,0,0,0,0,0,0,0,0,0,0,0,0,0,0,0,0,0,0,0,0,0,0,0,0,0,0,99966000,172814000,275787000,349657000,396812000,485792000,633150000,681411000,858254000,890026000,
Ghana,GHA,"PPG, IBRD (DOD, current US$)",DT.DOD.MIBR.CD,,,,,,,,,,,42735000,43908000,44258000,43576000,41669000,39651000,38205000,42611000,66100000,92922000,114215000,128834000,131130000,127762000,101405000,118353000,133918000,151079000,127839000,114000000,113035000,102892000,87222000,76881000,69460000,59346000,44175000,29949000,27254000,18207000,9395000,5620000,5177000,3891000,2466000,0,0,0,0,0,0,0,0,0,0,0,0,0,0,
Gibraltar,GIB,"PPG, IBRD (DOD, current US$)",DT.DOD.MIBR.CD,,,,,,,,,,,,,,,,,,,,,,,,,,,,,,,,,,,,,,,,,,,,,,,,,,,,,,,,,,,,
Guinea,GIN,"PPG, IBRD (DOD, current US$)",DT.DOD.MIBR.CD,,,,,,,,,,,20405000,44564000,66665000,72545000,70550000,68415000,66135000,63705000,61110000,58345000,55395000,52245000,48880000,45295000,48411000,55209000,61063000,64845000,47433000,36909000,27763000,14634000,0,0,0,0,0,0,0,0,0,0,0,0,0,0,0,0,0,0,0,0,0,0,0,0,0,0,0,
"Gambia, The",GMB,"PPG, IBRD (DOD, current US$)",DT.DOD.MIBR.CD,,,,,,,,,,,0,0,0,0,0,0,0,0,0,0,0,0,0,0,0,0,0,0,0,0,0,0,0,0,0,0,0,0,0,0,0,0,0,0,0,0,0,0,0,0,0,0,0,0,0,0,0,0,0,
Guinea-Bissau,GNB,"PPG, IBRD (DOD, current US$)",DT.DOD.MIBR.CD,,,,,,,,,,,0,0,0,0,0,0,0,0,0,0,0,0,0,0,0,0,0,0,0,0,0,0,0,0,0,0,0,0,0,0,0,0,0,0,0,0,0,0,0,0,0,0,0,0,0,0,0,0,0,
Equatorial Guinea,GNQ,"PPG, IBRD (DOD, current US$)",DT.DOD.MIBR.CD,,,,,,,,,,,,,,,,,,,,,,,,,,,,,,,,,,,,,,,,,,,,,,,,,,,,,,,,,,,,
Greece,GRC,"PPG, IBRD (DOD, current US$)",DT.DOD.MIBR.CD,,,,,,,,,,,,,,,,,,,,,,,,,,,,,,,,,,,,,,,,,,,,,,,,,,,,,,,,,,,,
Grenada,GRD,"PPG, IBRD (DOD, current US$)",DT.DOD.MIBR.CD,,,,,,,,,,,0,0,0,0,0,0,0,0,0,0,0,0,0,0,0,0,0,0,0,0,0,0,0,0,0,0,0,0,0,367000,2230000,3378000,4174000,6363000,7819000,10099000,8997000,12014000,11535000,10781000,14165000,12491000,11259000,9860000,8528000,12091000,10958000,9921000,9151000,
Greenland,GRL,"PPG, IBRD (DOD, current US$)",DT.DOD.MIBR.CD,,,,,,,,,,,,,,,,,,,,,,,,,,,,,,,,,,,,,,,,,,,,,,,,,,,,,,,,,,,,
Guatemala,GTM,"PPG, IBRD (DOD, current US$)",DT.DOD.MIBR.CD,,,,,,,,,,,13765000,17052000,21544000,27061000,33704000,39381000,42379000,46405000,64278000,108390000,143809000,171292000,186059000,192537000,150520000,225253000,276699000,330041000,280133000,260453000,292918000,278881000,212559000,178080000,176643000,158406000,199722000,187611000,202910000,258377000,295675000,329508000,399814000,427582000,477760000,478952000,641531000,739705000,805818000,1112114000,1372093000,1392129000,1394610000,1548763000,1496604000,1765416000,1679137000,1555282000,1718020000,
Guam,GUM,"PPG, IBRD (DOD, current US$)",DT.DOD.MIBR.CD,,,,,,,,,,,,,,,,,,,,,,,,,,,,,,,,,,,,,,,,,,,,,,,,,,,,,,,,,,,,
Guyana,GUY,"PPG, IBRD (DOD, current US$)",DT.DOD.MIBR.CD,,,,,,,,,,,306000,2023000,4031000,6467000,10087000,15431000,18595000,20092000,25346000,34444000,35862000,41960000,55127000,62418000,54058000,65130000,78101000,95858000,88579000,85051000,59380000,54557000,45480000,40922000,38898000,35103000,26560000,19409000,15924000,12336000,8315000,5184000,3010000,930000,0,0,0,0,0,0,0,0,0,0,0,0,0,0,0,
High income,HIC,"PPG, IBRD (DOD, current US$)",DT.DOD.MIBR.CD,,,,,,,,,,,,,,,,,,,,,,,,,,,,,,,,,,,,,,,,,,,,,,,,,,,,,,,,,,,,
"Hong Kong SAR, China",HKG,"PPG, IBRD (DOD, current US$)",DT.DOD.MIBR.CD,,,,,,,,,,,,,,,,,,,,,,,,,,,,,,,,,,,,,,,,,,,,,,,,,,,,,,,,,,,,
Honduras,HND,"PPG, IBRD (DOD, current US$)",DT.DOD.MIBR.CD,,,,,,,,,,,29955000,33587000,34089000,40024000,45426000,56661000,67441000,86964000,108729000,131872000,152150000,176362000,217395000,267753000,273104000,368557000,465371000,575252000,537485000,527611000,558014000,550962000,489426000,479390000,468492000,442755000,349684000,275381000,234873000,185403000,151498000,127464000,105316000,84719000,69662000,0,0,0,0,0,0,0,0,0,0,0,0,0,0,
Heavily indebted poor countries (HIPC),HPC,"PPG, IBRD (DOD, current US$)",DT.DOD.MIBR.CD,,,,,,,,,,,,,,,,,,,,,,,,,,,,,,,,,,,,,,,,,,,,,,,,,,,,,,,,,,,,
Croatia,HRV,"PPG, IBRD (DOD, current US$)",DT.DOD.MIBR.CD,,,,,,,,,,,,,,,,,,,,,,,,,,,,,,,,,,,,,,,,,,,,,,,,,,,,,,,,,,,,
Haiti,HTI,"PPG, IBRD (DOD, current US$)",DT.DOD.MIBR.CD,,,,,,,,,,,0,0,0,0,0,0,0,0,0,0,0,0,0,0,0,0,0,0,0,0,0,0,0,0,0,0,0,0,0,0,0,0,0,0,0,0,0,0,0,0,0,0,0,0,0,0,0,0,0,
Hungary,HUN,"PPG, IBRD (DOD, current US$)",DT.DOD.MIBR.CD,,,,,,,,,,,,,,,,,,,,,,,,,,,,,,,,,,,,,,,,,,,,,,,,,,,,,,,,,,,,
IBRD only,IBD,"PPG, IBRD (DOD, current US$)",DT.DOD.MIBR.CD,,,,,,,,,,,,,,,,,,,,,,,,,,,,,,,,,,,,,,,,,,,,,,,,,,,,,,,,,,,,
IDA & IBRD total,IBT,"PPG, IBRD (DOD, current US$)",DT.DOD.MIBR.CD,,,,,,,,,,,,,,,,,,,,,,,,,,,,,,,,,,,,,,,,,,,,,,,,,,,,,,,,,,,,
IDA total,IDA,"PPG, IBRD (DOD, current US$)",DT.DOD.MIBR.CD,,,,,,,,,,,,,,,,,,,,,,,,,,,,,,,,,,,,,,,,,,,,,,,,,,,,,,,,,,,,
IDA blend,IDB,"PPG, IBRD (DOD, current US$)",DT.DOD.MIBR.CD,,,,,,,,,,,,,,,,,,,,,,,,,,,,,,,,,,,,,,,,,,,,,,,,,,,,,,,,,,,,
Indonesia,IDN,"PPG, IBRD (DOD, current US$)",DT.DOD.MIBR.CD,,,,,,,,,,,0,0,0,0,0,56808000,213175000,402316000,563476000,739059000,1039686000,1308699000,1734578000,2136387000,2364513000,3589824000,5057803000,7390769000,8003021000,8542224000,9542263000,10597020000,10639595000,11283401000,12008248000,12502807000,11138491000,9991194000,10691742000,11424439000,11714727000,11434689000,10728659000,9778692000,8943072000,8131820000,7422552000,6821080000,6967778000,7876348000,9053736000,9717289000,10467698000,11339059000,12175538000,14370230000,15747832000,16550278000,17314670000,
IDA only,IDX,"PPG, IBRD (DOD, current US$)",DT.DOD.MIBR.CD,,,,,,,,,,,,,,,,,,,,,,,,,,,,,,,,,,,,,,,,,,,,,,,,,,,,,,,,,,,,
Isle of Man,IMN,"PPG, IBRD (DOD, current US$)",DT.DOD.MIBR.CD,,,,,,,,,,,,,,,,,,,,,,,,,,,,,,,,,,,,,,,,,,,,,,,,,,,,,,,,,,,,
India,IND,"PPG, IBRD (DOD, current US$)",DT.DOD.MIBR.CD,,,,,,,,,,,496382000,479622000,476873000,463618000,453789000,428204000,445740000,476672000,459307000,464520000,462955000,468733000,527634000,528374000,465313000,700959000,1306158000,1951975000,3219535000,4394344000,5494636000,6446801000,7180574000,8145213000,9410378000,8566457000,7824222000,7496421000,7550815532,7531457000,7079515000,7010259000,5081946000,3905693000,4662452000,5275938000,6007319000,6680041000,7429338000,8382384000,11179829000,11524241000,11778894000,11780055000,11894987000,12387674000,12828396000,12854611000,13394927000,
Not classified,INX,"PPG, IBRD (DOD, current US$)",DT.DOD.MIBR.CD,,,,,,,,,,,,,,,,,,,,,,,,,,,,,,,,,,,,,,,,,,,,,,,,,,,,,,,,,,,,
Ireland,IRL,"PPG, IBRD (DOD, current US$)",DT.DOD.MIBR.CD,,,,,,,,,,,,,,,,,,,,,,,,,,,,,,,,,,,,,,,,,,,,,,,,,,,,,,,,,,,,
"Iran, Islamic Rep.",IRN,"PPG, IBRD (DOD, current US$)",DT.DOD.MIBR.CD,,,,,,,,,,,0,0,0,0,0,0,0,0,0,0,621490000,528638000,466455000,409310000,317468000,343770000,358716000,316807000,202443000,143117000,85651000,45555000,133261000,190370000,260368000,316119000,387289000,420710000,433015000,436942000,481297000,455894000,399553000,350296000,315996000,378293000,559476000,698979000,761144000,835778000,801408000,738914000,702133000,578453000,520483000,438026000,354693000,271130000,206057000,
Iraq,IRQ,"PPG, IBRD (DOD, current US$)",DT.DOD.MIBR.CD,,,,,,,,,,,,,,,,,,,,,,,,,,,,,,,,,,,,,,,,,,,,,,,,,,,,,,,,,,,,
Iceland,ISL,"PPG, IBRD (DOD, current US$)",DT.DOD.MIBR.CD,,,,,,,,,,,,,,,,,,,,,,,,,,,,,,,,,,,,,,,,,,,,,,,,,,,,,,,,,,,,
Israel,ISR,"PPG, IBRD (DOD, current US$)",DT.DOD.MIBR.CD,,,,,,,,,,,,,,,,,,,,,,,,,,,,,,,,,,,,,,,,,,,,,,,,,,,,,,,,,,,,
Italy,ITA,"PPG, IBRD (DOD, current US$)",DT.DOD.MIBR.CD,,,,,,,,,,,,,,,,,,,,,,,,,,,,,,,,,,,,,,,,,,,,,,,,,,,,,,,,,,,,
Jamaica,JAM,"PPG, IBRD (DOD, current US$)",DT.DOD.MIBR.CD,,,,,,,,,,,29781000,33664000,34803000,36605000,37823000,44107000,58703000,68145000,112172000,126606000,176385000,211935000,321973000,368439000,326241000,467924000,572477000,734895000,671166000,649700000,671883000,664121000,593703000,607378000,594822000,594898000,515151000,431019000,409467000,393384000,414610000,442570000,494622000,475946000,439102000,410228000,386953000,359781000,327100000,398221000,578571000,668768000,659191000,779125000,753814000,825535000,809074000,862037000,864716000,
Jordan,JOR,"PPG, IBRD (DOD, current US$)",DT.DOD.MIBR.CD,,,,,,,,,,,0,0,0,0,0,0,0,0,0,3722000,25978000,45132000,55740000,82915000,85469000,167500000,281473000,427271000,414294000,411785000,516062000,511333000,569305000,592443000,635046000,736140000,776586000,749105000,744989000,835135000,798437000,886371000,1019656000,1016989000,971136000,925397000,897364000,868330000,835334000,1074368000,1008289000,926744000,1091857000,1119922000,1372512000,1529979000,1791506000,1804523000,2167574000,
Japan,JPN,"PPG, IBRD (DOD, current US$)",DT.DOD.MIBR.CD,,,,,,,,,,,,,,,,,,,,,,,,,,,,,,,,,,,,,,,,,,,,,,,,,,,,,,,,,,,,
Kazakhstan,KAZ,"PPG, IBRD (DOD, current US$)",DT.DOD.MIBR.CD,,,,,,,,,,,0,0,0,0,0,0,0,0,0,0,0,0,0,0,0,0,0,0,0,0,0,0,0,0,186772000,295244000,489653000,647613000,899393000,1082146000,1056836000,1070169000,1177821000,1265026000,1274897000,599318000,501840000,426690000,463042000,546879000,1829914000,2307600000,2640643000,3096616000,3428914000,3261017000,4313483000,4184924000,3977324000,
Kenya,KEN,"PPG, IBRD (DOD, current US$)",DT.DOD.MIBR.CD,,,,,,,,,,,5471000,11941000,32590000,49774000,62247000,105960000,169511000,201755000,240337000,273693000,308255000,351379000,423577000,506354000,582948000,750865000,931183000,1128299000,973045000,889011000,871482000,783086000,656246000,566289000,501277000,435115000,312445000,213218000,154375000,90768000,47399000,23458000,12834000,5876000,1114000,4000,0,0,0,0,0,0,0,0,0,0,0,0,0,
Kyrgyz Republic,KGZ,"PPG, IBRD (DOD, current US$)",DT.DOD.MIBR.CD,,,,,,,,,,,0,0,0,0,0,0,0,0,0,0,0,0,0,0,0,0,0,0,0,0,0,0,0,0,0,0,0,0,0,0,0,0,0,0,0,0,0,0,0,0,0,0,0,0,0,0,0,0,0,
Cambodia,KHM,"PPG, IBRD (DOD, current US$)",DT.DOD.MIBR.CD,,,,,,,,,,,0,0,0,0,0,0,0,0,0,0,0,0,0,0,0,0,0,0,0,0,0,0,0,0,0,0,0,0,0,0,0,0,0,0,0,0,0,0,0,0,0,0,0,0,0,0,0,0,0,
Kiribati,KIR,"PPG, IBRD (DOD, current US$)",DT.DOD.MIBR.CD,,,,,,,,,,,,,,,,,,,,,,,,,,,,,,,,,,,,,,,,,,,,,,,,,,,,,,,,,,,,
St. Kitts and Nevis,KNA,"PPG, IBRD (DOD, current US$)",DT.DOD.MIBR.CD,,,,,,,,,,,,,,,,,,,,,,,,,0,0,0,0,0,0,0,0,165000,168000,781000,1111000,1033000,872000,758000,3598000,4512000,6587000,8675000,11889000,13196000,13022000,13175000,13338000,13208000,12367000,9820000,,,,,,,,,
"Korea, Rep.",KOR,"PPG, IBRD (DOD, current US$)",DT.DOD.MIBR.CD,,,,,,,,,,,,,,,,,,,,,,,,,,,,,,,,,,,,,,,,,,,,,,,,,,,,,,,,,,,,
Kuwait,KWT,"PPG, IBRD (DOD, current US$)",DT.DOD.MIBR.CD,,,,,,,,,,,,,,,,,,,,,,,,,,,,,,,,,,,,,,,,,,,,,,,,,,,,,,,,,,,,
Latin America & Caribbean (excluding high income),LAC,"PPG, IBRD (DOD, current US$)",DT.DOD.MIBR.CD,,,,,,,,,,,1876388000,2172163000,2512993000,2892568000,3419850000,3936925000,4289409000,4794906000,5302660000,6106882000,7281067000,8432382000,9665204000,11209435000,11368556000,15770768600,21835698780,28418469012,27188213179,27183407749,32002484333,32826701054,30755208295,31813558000,32674381000,34238610000,32156385000,30134996000,32720439000,34351306000,35780644000,36561616000,36439673000,36324746000,35227778000,33932689000,30331949000,30284849000,32660933000,38678486000,46858971000,43667538000,47113930000,49882556000,51618388000,53529542000,55063981000,54377637000,55759464000,
Lao PDR,LAO,"PPG, IBRD (DOD, current US$)",DT.DOD.MIBR.CD,,,,,,,,,,,0,0,0,0,0,0,0,0,0,0,0,0,0,0,0,0,0,0,0,0,0,0,0,0,0,0,0,0,0,0,0,0,0,0,0,0,0,0,0,0,0,0,0,0,0,0,0,0,0,
Lebanon,LBN,"PPG, IBRD (DOD, current US$)",DT.DOD.MIBR.CD,,,,,,,,,,,18327000,16856000,15315000,13700000,12006000,15623000,13764000,11817000,12555000,22177000,26665000,33306000,35753000,40743000,29189000,35954000,41242000,48614000,38032000,36613000,33649000,29074000,22819000,39245000,64266000,113396000,131509000,151259000,199430000,234218000,247513000,258693000,312929000,361550000,387149000,359700000,314297000,437363000,367689000,317673000,321228000,300674000,252525000,208779000,175998000,189123000,254440000,414951000,484773000,
Liberia,LBR,"PPG, IBRD (DOD, current US$)",DT.DOD.MIBR.CD,,,,,,,,,,,7361000,9167000,12474000,18447000,20695000,22195000,28718000,35240000,43766000,53635000,69276000,84530000,90465000,94708000,83314000,100663000,118265000,147140000,134303000,130859000,142841000,144098000,138480000,141088000,151175000,160870000,146414000,135681000,143237000,125284000,129780000,123130000,137442000,152326000,161570000,145630000,146629000,0,0,0,0,0,0,0,0,0,0,0,0,
Libya,LBY,"PPG, IBRD (DOD, current US$)",DT.DOD.MIBR.CD,,,,,,,,,,,,,,,,,,,,,,,,,,,,,,,,,,,,,,,,,,,,,,,,,,,,,,,,,,,,
St. Lucia,LCA,"PPG, IBRD (DOD, current US$)",DT.DOD.MIBR.CD,,,,,,,,,,,0,0,0,0,0,0,0,0,0,0,0,0,0,0,0,0,0,0,0,0,0,0,0,449000,1512000,2111000,3894000,3723000,5356000,6173000,5963000,5190000,5949000,10143000,10510000,10262000,9991000,17848000,18178000,19236000,20841000,18024000,15465000,13384000,11438000,9410000,7293000,5647000,4401000,
Latin America & Caribbean,LCN,"PPG, IBRD (DOD, current US$)",DT.DOD.MIBR.CD,,,,,,,,,,,,,,,,,,,,,,,,,,,,,,,,,,,,,,,,,,,,,,,,,,,,,,,,,,,,
Least developed countries: UN classification,LDC,"PPG, IBRD (DOD, current US$)",DT.DOD.MIBR.CD,,,,,,,,,,,,,,,,,,,,,,,,,,,,,,,,,,,,,,,,,,,,,,,,,,,,,,,,,,,,
Low income,LIC,"PPG, IBRD (DOD, current US$)",DT.DOD.MIBR.CD,,,,,,,,,,,100242000,144440000,190566000,215900000,224899000,295479000,353084000,447461000,530995000,631428000,753622000,823609000,845074000,874776000,820203000,995925000,1152567000,1356463000,1180033000,1091437000,1135283000,1106352000,954223000,891701000,855253000,836289000,722527000,374315000,343681000,282340000,255727000,239816000,165777000,191257000,198654000,180684000,176981000,25680000,0,0,0,0,0,0,0,0,0,0,0,
Liechtenstein,LIE,"PPG, IBRD (DOD, current US$)",DT.DOD.MIBR.CD,,,,,,,,,,,,,,,,,,,,,,,,,,,,,,,,,,,,,,,,,,,,,,,,,,,,,,,,,,,,
Sri Lanka,LKA,"PPG, IBRD (DOD, current US$)",DT.DOD.MIBR.CD,,,,,,,,,,,26050000,28159000,28609000,31756000,33816000,36209000,36025000,34327000,33261000,32625000,30706000,28795000,31507000,43988000,50390000,61450000,72447000,88866000,83236000,82273000,81986000,75450000,65088000,57735000,53755000,49237000,39535000,30555000,26241000,19707000,13268000,8311000,4413000,2979000,1030000,0,0,0,0,0,0,0,2533000,34649000,53315000,72063000,185315000,186205000,202507000,
Lower middle income,LMC,"PPG, IBRD (DOD, current US$)",DT.DOD.MIBR.CD,,,,,,,,,,,1598290000,1705370000,1824762000,1900961000,2135719000,2550296000,3173973000,3853426000,4563272000,5471056000,6509190000,7723729000,9172853000,11005417000,11017357000,15365689000,21164434000,28806488000,29536954000,31849514000,36267010000,38910096000,39424913073,41775370825,44811910275,45101052558,41013572000,37380396000,38584848417,38446189000,36408654000,34789106000,32294445000,30683992000,29765304000,28173065000,27572938000,28424620000,28940095000,31403025000,36783399000,39517086000,41412135000,44095823000,46724298000,52970500000,57122813000,62275994000,66822709000,
Low & middle income,LMY,"PPG, IBRD (DOD, current US$)",DT.DOD.MIBR.CD,,,,,,,,,,,4045234000,4529076000,5112789000,5708364000,6635005000,7911823000,9313519000,11011749000,12843846000,15391888000,19125023000,22578623000,26488552000,31038466000,30737978500,42708895200,57971430940,76075421980,72893904535,73986193585,84658336381,88649265908,86445617772,90748228069,97270397397,1.01917E+11,96669274379,93652703534,1.00987E+11,1.0414E+11,1.05364E+11,1.05887E+11,1.04381E+11,1.02224E+11,99912849000,94662124000,90623449000,92211098000,95375336000,1.0659E+11,1.22733E+11,1.23955E+11,1.31525E+11,1.40395E+11,1.44617E+11,1.51854E+11,1.58806E+11,1.68542E+11,1.73825E+11,
Lesotho,LSO,"PPG, IBRD (DOD, current US$)",DT.DOD.MIBR.CD,,,,,,,,,,,0,0,0,0,0,0,0,0,0,0,0,0,0,0,0,0,0,0,0,0,0,0,4550000,25990000,41694000,54022000,57119000,58253000,60757000,56007000,58584000,54913000,36710000,18563000,16196000,12663000,9063000,4245000,3264000,2539000,1813000,1088000,363000,0,0,0,0,0,0,
Late-demographic dividend,LTE,"PPG, IBRD (DOD, current US$)",DT.DOD.MIBR.CD,,,,,,,,,,,,,,,,,,,,,,,,,,,,,,,,,,,,,,,,,,,,,,,,,,,,,,,,,,,,
Lithuania,LTU,"PPG, IBRD (DOD, current US$)",DT.DOD.MIBR.CD,,,,,,,,,,,,,,,,,,,,,,,,,,,,,,,,,,,,,,,,,,,,,,,,,,,,,,,,,,,,
Luxembourg,LUX,"PPG, IBRD (DOD, current US$)",DT.DOD.MIBR.CD,,,,,,,,,,,,,,,,,,,,,,,,,,,,,,,,,,,,,,,,,,,,,,,,,,,,,,,,,,,,
Latvia,LVA,"PPG, IBRD (DOD, current US$)",DT.DOD.MIBR.CD,,,,,,,,,,,,,,,,,,,,,,,,,,,,,,,,,,,,,,,,,,,,,,,,,,,,,,,,,,,,
"Macao SAR, China",MAC,"PPG, IBRD (DOD, current US$)",DT.DOD.MIBR.CD,,,,,,,,,,,,,,,,,,,,,,,,,,,,,,,,,,,,,,,,,,,,,,,,,,,,,,,,,,,,
St. Martin (French part),MAF,"PPG, IBRD (DOD, current US$)",DT.DOD.MIBR.CD,,,,,,,,,,,,,,,,,,,,,,,,,,,,,,,,,,,,,,,,,,,,,,,,,,,,,,,,,,,,
Morocco,MAR,"PPG, IBRD (DOD, current US$)",DT.DOD.MIBR.CD,,,,,,,,,,,56311000,70616000,84911000,105302000,152661000,244219000,288934000,340000000,391533000,503828000,538791000,601003000,697499000,820980000,867110000,1288181000,1858861000,2558423000,2573470000,2686230000,3099143000,3295222000,3407521000,3558497000,3746174000,3965961000,3731709000,3271301000,3388034000,3193598000,2837106000,2499786000,2549242000,2719043000,2580993000,2307884000,2318390000,2630928000,2587916000,2586980000,2505078000,2896928000,2979254000,4235948000,4018411000,4148336000,4559925000,5556146000,5525336000,
Monaco,MCO,"PPG, IBRD (DOD, current US$)",DT.DOD.MIBR.CD,,,,,,,,,,,,,,,,,,,,,,,,,,,,,,,,,,,,,,,,,,,,,,,,,,,,,,,,,,,,
Moldova,MDA,"PPG, IBRD (DOD, current US$)",DT.DOD.MIBR.CD,,,,,,,,,,,0,0,0,0,0,0,0,0,0,0,0,0,0,0,0,0,0,0,0,0,0,0,0,28112000,98796000,152402000,141642000,135339000,168719102.1,198819000,191230000,180545000,186237000,189784000,184684000,161365000,151073000,140630000,128566000,110436000,93327000,75132000,55136000,34542000,29409000,28439000,68215000,83769000,91389000,
Madagascar,MDG,"PPG, IBRD (DOD, current US$)",DT.DOD.MIBR.CD,,,,,,,,,,,1576000,4863000,6996000,10501000,10626000,23648000,25830000,25712000,26310000,28640000,29759000,30725000,30549000,29504000,25422000,27784000,31192000,35472000,30377000,27272000,26446000,23303000,19502000,16748000,14438000,11540000,6563000,2506000,1129000,0,0,0,0,0,0,0,0,0,0,0,0,0,0,0,0,0,0,0,0,
Maldives,MDV,"PPG, IBRD (DOD, current US$)",DT.DOD.MIBR.CD,,,,,,,,,,,0,0,0,0,0,0,0,0,0,0,0,0,0,0,0,0,0,0,0,0,0,0,0,0,0,0,0,0,0,0,0,0,0,0,0,0,0,0,0,0,0,0,0,0,0,0,0,0,0,
Middle East & North Africa,MEA,"PPG, IBRD (DOD, current US$)",DT.DOD.MIBR.CD,,,,,,,,,,,,,,,,,,,,,,,,,,,,,,,,,,,,,,,,,,,,,,,,,,,,,,,,,,,,
Mexico,MEX,"PPG, IBRD (DOD, current US$)",DT.DOD.MIBR.CD,,,,,,,,,,,581893000,659968000,723479000,808463000,973159000,1123097000,1222505000,1374180000,1480858000,1730564000,2063290000,2416866000,2691919000,2869771000,2851605000,4033851000,5565902000,7346457000,7426840000,7820820000,11030057000,11927945000,11965980000,12321732000,13037649000,13823076000,12568081000,11355933000,11513694000,11026890000,11443823000,10883199000,10796832000,10717085000,9566670000,9184177000,4210807000,4540269000,5866563000,10142553000,12461571000,13590448000,14706222000,15062529000,14874159000,14747899000,14655779000,14887337000,14610878000,
Marshall Islands,MHL,"PPG, IBRD (DOD, current US$)",DT.DOD.MIBR.CD,,,,,,,,,,,,,,,,,,,,,,,,,,,,,,,,,,,,,,,,,,,,,,,,,,,,,,,,,,,,
Middle income,MIC,"PPG, IBRD (DOD, current US$)",DT.DOD.MIBR.CD,,,,,,,,,,,3944992000,4384636000,4922223000,5492464000,6410106000,7616344000,8960435000,10564288000,12312851000,14760460000,18371401000,21755014000,25643478000,30163690000,29917775500,41712970200,56818863940,74718958980,71713871535,72894756585,83523053381,87542913908,85491394772,89856527069,96415144397,1.0108E+11,95946747379,93278388534,1.00644E+11,1.03858E+11,1.05108E+11,1.05647E+11,1.04216E+11,1.02032E+11,99714195000,94481440000,90446468000,92185418000,95375336000,1.0659E+11,1.22733E+11,1.23955E+11,1.31525E+11,1.40395E+11,1.44617E+11,1.51854E+11,1.58806E+11,1.68542E+11,1.73825E+11,
North Macedonia,MKD,"PPG, IBRD (DOD, current US$)",DT.DOD.MIBR.CD,,,,,,,,,,,0,0,0,0,0,0,0,0,0,0,0,0,0,0,0,0,0,0,0,0,0,0,0,151058000,93027000,97417000,78237000,84589000,107782000,109866000,115695000,117322000,138401000,174577000,217759000,244230000,258645000,192626000,236528000,270914000,314625000,334442000,352996000,414306000,413580000,378998000,364948000,402361000,380330000,
Mali,MLI,"PPG, IBRD (DOD, current US$)",DT.DOD.MIBR.CD,,,,,,,,,,,0,0,0,0,0,0,0,0,0,0,0,0,0,0,0,0,0,0,0,0,0,0,0,0,0,0,0,0,0,0,0,0,0,0,0,0,0,0,0,0,0,0,0,0,0,0,0,0,0,
Malta,MLT,"PPG, IBRD (DOD, current US$)",DT.DOD.MIBR.CD,,,,,,,,,,,,,,,,,,,,,,,,,,,,,,,,,,,,,,,,,,,,,,,,,,,,,,,,,,,,
Myanmar,MMR,"PPG, IBRD (DOD, current US$)",DT.DOD.MIBR.CD,,,,,,,,,,,14861000,12315000,10231000,6895000,4521000,2021000,0,0,0,0,0,0,0,0,0,0,0,0,0,0,0,0,0,0,0,0,0,0,0,0,0,0,0,0,0,0,0,0,0,0,0,0,0,0,0,0,0,0,0,
Middle East & North Africa (excluding high income),MNA,"PPG, IBRD (DOD, current US$)",DT.DOD.MIBR.CD,,,,,,,,,,,138722000,156530000,173782000,202071000,259735000,423245000,591827000,815635000,1026718000,1405217000,2370199000,2587891000,2783067000,3126682000,2948094000,4231134000,5782276000,7520691000,7096741000,7273737000,8248718000,8712646000,8889831000,9262581000,9945382000,10645731000,10033797000,8775978000,8813759000,8365295000,7663992000,7291246000,7501668000,7826873000,7491316000,6807444000,6195465000,7499514000,7171319000,8059910000,8568909000,9440461000,10339219000,11724010000,12006251000,13370702000,15608924000,18911937000,21228805000,
Montenegro,MNE,"PPG, IBRD (DOD, current US$)",DT.DOD.MIBR.CD,,,,,,,,,,,0,0,0,0,0,0,0,0,0,0,0,0,0,0,0,0,0,0,0,0,0,0,0,0,0,0,0,0,0,0,0,0,279915000,337258000,367361000,319302000,344576000,282901000,269043000,261180000,236402000,222938000,312646000,323319000,278839000,240622000,222788000,236806000,216954000,
Mongolia,MNG,"PPG, IBRD (DOD, current US$)",DT.DOD.MIBR.CD,,,,,,,,,,,0,0,0,0,0,0,0,0,0,0,0,0,0,0,0,0,0,0,0,0,0,0,0,0,0,0,0,0,0,0,0,0,0,0,0,0,0,0,0,0,0,0,0,0,0,0,0,0,0,
Northern Mariana Islands,MNP,"PPG, IBRD (DOD, current US$)",DT.DOD.MIBR.CD,,,,,,,,,,,,,,,,,,,,,,,,,,,,,,,,,,,,,,,,,,,,,,,,,,,,,,,,,,,,
Mozambique,MOZ,"PPG, IBRD (DOD, current US$)",DT.DOD.MIBR.CD,,,,,,,,,,,0,0,0,0,0,0,0,0,0,0,0,0,0,0,0,0,0,0,0,0,0,0,0,0,0,0,0,0,0,0,0,0,0,0,0,0,0,0,0,0,0,0,0,0,0,0,0,0,0,
Mauritania,MRT,"PPG, IBRD (DOD, current US$)",DT.DOD.MIBR.CD,,,,,,,,,,,0,0,0,0,8650000,0,0,0,0,0,0,10519000,32814000,59160000,49322000,52490000,68785000,90867000,74111000,60720000,54052000,43343000,30261000,19072000,12705000,10926000,8114000,5580000,4007000,1934000,0,0,0,0,0,0,0,0,0,0,0,0,0,0,0,0,0,0,0,
Mauritius,MUS,"PPG, IBRD (DOD, current US$)",DT.DOD.MIBR.CD,,,,,,,,,,,5648000,5338000,5014000,4672000,4309000,8018000,9725000,15370000,22250000,29701000,34757000,55455000,60640000,61985000,72150000,116833000,148231000,192790000,189843000,175398000,176172000,167123000,150563000,148688000,147411000,140291000,124077000,111095000,111628000,107430000,85788000,70752000,94403000,85456000,77296000,68283000,61071000,81143000,102694000,203732000,196529000,242403000,273516000,325876000,319228000,289860000,267817000,259720000,228628000,
Malawi,MWI,"PPG, IBRD (DOD, current US$)",DT.DOD.MIBR.CD,,,,,,,,,,,0,0,0,0,0,0,113000,2484000,5093000,17885000,25517000,52278000,72488000,72513000,60412000,69230000,84738000,104313000,98910000,91276000,90733000,85358000,74433000,67072000,64460000,55010000,42437000,33662000,25264000,17024000,8539000,3664000,2324000,741000,260000,30000,0,0,0,0,0,0,0,0,0,0,0,0,0,
Malaysia,MYS,"PPG, IBRD (DOD, current US$)",DT.DOD.MIBR.CD,,,,,,,,,,,,,,,,,,,,,,,,,,,,,,,,,,,,,,,,,,,,,,,,,,,,,,,,,,,,
North America,NAC,"PPG, IBRD (DOD, current US$)",DT.DOD.MIBR.CD,,,,,,,,,,,,,,,,,,,,,,,,,,,,,,,,,,,,,,,,,,,,,,,,,,,,,,,,,,,,
Namibia,NAM,"PPG, IBRD (DOD, current US$)",DT.DOD.MIBR.CD,,,,,,,,,,,,,,,,,,,,,,,,,,,,,,,,,,,,,,,,,,,,,,,,,,,,,,,,,,,,
New Caledonia,NCL,"PPG, IBRD (DOD, current US$)",DT.DOD.MIBR.CD,,,,,,,,,,,,,,,,,,,,,,,,,,,,,,,,,,,,,,,,,,,,,,,,,,,,,,,,,,,,
Niger,NER,"PPG, IBRD (DOD, current US$)",DT.DOD.MIBR.CD,,,,,,,,,,,0,0,0,0,0,0,0,0,0,0,0,0,0,0,0,0,0,0,0,0,0,0,0,0,0,0,0,0,0,0,0,0,0,0,0,0,0,0,0,0,0,0,0,0,0,0,0,0,0,
Nigeria,NGA,"PPG, IBRD (DOD, current US$)",DT.DOD.MIBR.CD,,,,,,,,,,,165244000,197237000,257413000,268491000,296804000,325115000,365337000,409469000,447137000,478190000,516602000,562244000,674036000,824127000,899881000,1356557000,2136941000,2939316000,2727864000,2906455000,3284348000,3297229000,3173829000,3188161000,3286335000,3220726000,2761899000,2373300000,2277785000,1989016000,1624592000,1337272000,1275256000,1200912000,1027073000,722283000,533673000,380842000,211470000,112810000,42816000,6954000,0,0,0,3568000,3883000,124180000,124180000,
Nicaragua,NIC,"PPG, IBRD (DOD, current US$)",DT.DOD.MIBR.CD,,,,,,,,,,,26572000,30918000,32440000,34728000,40438000,52280000,63765000,75195000,80239000,84589000,92509000,117662000,129268000,145914000,134138000,163165000,200414000,247556000,227177000,220961000,239082000,123546000,103902000,86864000,75875000,65072000,43981000,23996000,15206000,9414000,4648000,0,0,0,0,0,0,0,0,0,0,0,0,0,0,0,0,0,0,
Netherlands,NLD,"PPG, IBRD (DOD, current US$)",DT.DOD.MIBR.CD,,,,,,,,,,,,,,,,,,,,,,,,,,,,,,,,,,,,,,,,,,,,,,,,,,,,,,,,,,,,
Norway,NOR,"PPG, IBRD (DOD, current US$)",DT.DOD.MIBR.CD,,,,,,,,,,,,,,,,,,,,,,,,,,,,,,,,,,,,,,,,,,,,,,,,,,,,,,,,,,,,
Nepal,NPL,"PPG, IBRD (DOD, current US$)",DT.DOD.MIBR.CD,,,,,,,,,,,0,0,0,0,0,0,0,0,0,0,0,0,0,0,0,0,0,0,0,0,0,0,0,0,0,0,0,0,0,0,0,0,0,0,0,0,0,0,0,0,0,0,0,0,0,0,0,0,0,
Nauru,NRU,"PPG, IBRD (DOD, current US$)",DT.DOD.MIBR.CD,,,,,,,,,,,,,,,,,,,,,,,,,,,,,,,,,,,,,,,,,,,,,,,,,,,,,,,,,,,,
New Zealand,NZL,"PPG, IBRD (DOD, current US$)",DT.DOD.MIBR.CD,,,,,,,,,,,,,,,,,,,,,,,,,,,,,,,,,,,,,,,,,,,,,,,,,,,,,,,,,,,,
OECD members,OED,"PPG, IBRD (DOD, current US$)",DT.DOD.MIBR.CD,,,,,,,,,,,,,,,,,,,,,,,,,,,,,,,,,,,,,,,,,,,,,,,,,,,,,,,,,,,,
Oman,OMN,"PPG, IBRD (DOD, current US$)",DT.DOD.MIBR.CD,,,,,,,,,,,,,,,,,,,,,,,,,,,,,,,,,,,,,,,,,,,,,,,,,,,,,,,,,,,,
Other small states,OSS,"PPG, IBRD (DOD, current US$)",DT.DOD.MIBR.CD,,,,,,,,,,,,,,,,,,,,,,,,,,,,,,,,,,,,,,,,,,,,,,,,,,,,,,,,,,,,
Pakistan,PAK,"PPG, IBRD (DOD, current US$)",DT.DOD.MIBR.CD,,,,,,,,,,,329522000,346105000,327651000,304520000,289705000,282720000,320139000,328402000,333426000,339364000,329627000,310125000,339718000,350736000,336585000,434467000,605275000,908086000,1107602000,1427840000,1815727000,2181013000,2383853000,2623503000,2933678000,3082264000,3006743000,3045858000,3135857000,3314875000,3093226000,2796405000,2749051000,2694834000,2459738000,2238323000,2143479000,2085687000,1946306000,1769007000,1687776000,1609752000,1485750000,1352602000,1263358000,1167031000,1237828000,1311780000,1367398000,
Panama,PAN,"PPG, IBRD (DOD, current US$)",DT.DOD.MIBR.CD,,,,,,,,,,,,,,,,,,,,,,,,,,,,,,,,,,,,,,,,,,,,,,,,,,,,,,,,,,,,
Peru,PER,"PPG, IBRD (DOD, current US$)",DT.DOD.MIBR.CD,,,,,,,,,,,124631000,129268000,131310000,131701000,131693000,137806000,148001000,170978000,185639000,234651000,359403000,415927000,478065000,526862000,508140000,722769000,951393000,1213903000,1103176000,1085366000,1188279000,1099745000,956443000,1368578000,1553747000,1729075000,1632976000,1919693000,2127687000,2417322000,2590052000,2625469000,2608646000,2789011000,2834302000,2815841000,2633330000,2648585000,2711751000,2846113000,2965061000,2732842000,2435028000,1823883000,1837889000,2714066000,2610014000,1093459000,1144560000,
Philippines,PHL,"PPG, IBRD (DOD, current US$)",DT.DOD.MIBR.CD,,,,,,,,,,,118602000,132811000,142040000,149006000,164107000,237870000,315742000,403331000,545898000,731120000,926138000,1329757000,1519399000,2047491000,1864845000,2420471000,3017067000,3746679000,3407997000,3491715000,3942679000,4073195000,4178547000,4597606000,4855065000,5002396000,4666004000,4178924000,4310587000,4040318000,3627101000,3250048000,3324943000,3445260000,3316956000,2885009000,2689651000,2726308000,2533492000,2488252000,2567166000,3278410000,3332537000,3607523000,3838682000,4548124000,4574182000,5048115000,5775855000,
Palau,PLW,"PPG, IBRD (DOD, current US$)",DT.DOD.MIBR.CD,,,,,,,,,,,,,,,,,,,,,,,,,,,,,,,,,,,,,,,,,,,,,,,,,,,,,,,,,,,,
Papua New Guinea,PNG,"PPG, IBRD (DOD, current US$)",DT.DOD.MIBR.CD,,,,,,,,,,,751000,2936000,10468000,19042000,30489000,43289000,48334000,50947000,50895000,54743000,54541000,53412000,52851000,58902000,57258000,75034000,99331000,147770000,161868000,172169000,234686000,274498000,264191000,266347000,280877000,298712000,270123000,269466000,266519000,240752000,243996000,275144000,271718000,268951000,260234000,249257000,246032000,182666000,158192000,149195000,138624000,126517000,113611000,99829000,85134000,69439000,57870000,45475000,32218000,
Poland,POL,"PPG, IBRD (DOD, current US$)",DT.DOD.MIBR.CD,,,,,,,,,,,,,,,,,,,,,,,,,,,,,,,,,,,,,,,,,,,,,,,,,,,,,,,,,,,,
Pre-demographic dividend,PRE,"PPG, IBRD (DOD, current US$)",DT.DOD.MIBR.CD,,,,,,,,,,,,,,,,,,,,,,,,,,,,,,,,,,,,,,,,,,,,,,,,,,,,,,,,,,,,
Puerto Rico,PRI,"PPG, IBRD (DOD, current US$)",DT.DOD.MIBR.CD,,,,,,,,,,,,,,,,,,,,,,,,,,,,,,,,,,,,,,,,,,,,,,,,,,,,,,,,,,,,
"Korea, Dem. People’s Rep.",PRK,"PPG, IBRD (DOD, current US$)",DT.DOD.MIBR.CD,,,,,,,,,,,,,,,,,,,,,,,,,,,,,,,,,,,,,,,,,,,,,,,,,,,,,,,,,,,,
Portugal,PRT,"PPG, IBRD (DOD, current US$)",DT.DOD.MIBR.CD,,,,,,,,,,,,,,,,,,,,,,,,,,,,,,,,,,,,,,,,,,,,,,,,,,,,,,,,,,,,
Paraguay,PRY,"PPG, IBRD (DOD, current US$)",DT.DOD.MIBR.CD,,,,,,,,,,,6335000,8014000,10234000,12752000,14968000,17636000,21694000,28010000,35207000,50761000,79529000,110074000,147310000,168368000,178659000,247887000,314710000,372333000,314887000,282078000,279147000,252156000,213319000,184515000,161646000,153781000,137573000,143003000,164670000,182181000,201353000,204736000,215939000,255857000,246050000,223309000,234295000,226507000,213569000,281066000,257088000,244873000,331255000,332367000,371377000,423833000,537361000,599276000,631225000,
West Bank and Gaza,PSE,"PPG, IBRD (DOD, current US$)",DT.DOD.MIBR.CD,,,,,,,,,,,,,,,,,,,,,,,,,,,,,,,,,,,,,,,,,,,,,,,,,,,,,,,,,,,,
Pacific island small states,PSS,"PPG, IBRD (DOD, current US$)",DT.DOD.MIBR.CD,,,,,,,,,,,,,,,,,,,,,,,,,,,,,,,,,,,,,,,,,,,,,,,,,,,,,,,,,,,,
Post-demographic dividend,PST,"PPG, IBRD (DOD, current US$)",DT.DOD.MIBR.CD,,,,,,,,,,,,,,,,,,,,,,,,,,,,,,,,,,,,,,,,,,,,,,,,,,,,,,,,,,,,
French Polynesia,PYF,"PPG, IBRD (DOD, current US$)",DT.DOD.MIBR.CD,,,,,,,,,,,,,,,,,,,,,,,,,,,,,,,,,,,,,,,,,,,,,,,,,,,,,,,,,,,,
Qatar,QAT,"PPG, IBRD (DOD, current US$)",DT.DOD.MIBR.CD,,,,,,,,,,,,,,,,,,,,,,,,,,,,,,,,,,,,,,,,,,,,,,,,,,,,,,,,,,,,
Romania,ROU,"PPG, IBRD (DOD, current US$)",DT.DOD.MIBR.CD,,,,,,,,,,,0,0,0,0,0,19071000,143514000,288094000,453622000,589581000,806480000,1143308000,1483137000,1742428000,1417054000,1633296000,1835636000,2039422000,761476000,0,0,3263000,209593000,403297000,695126000,844294000,1008565000,1305037000,1442525000,1662369000,1898150000,1876223000,2173404000,2296379000,2521914000,2447605000,2480924000,2603778000,2571552000,2995192000,2830329000,3528058000,3550204000,4419197000,4171917000,4366591000,4009189000,4952488000,4676956000,
Russian Federation,RUS,"PPG, IBRD (DOD, current US$)",DT.DOD.MIBR.CD,,,,,,,,,,,0,0,0,0,0,0,0,0,0,0,0,0,0,0,0,0,0,0,0,0,0,0,0,366857000,684286000,1523877000,2508965000,5053064000,6336702000,6706940000,6843667000,6745633000,6598613000,6289172000,5743457000,5091359000,4758913000,4291763000,3850971000,3210674000,2618311000,2066955000,1609894000,1203869000,876048000,730681000,646060000,550993000,428202000,
Rwanda,RWA,"PPG, IBRD (DOD, current US$)",DT.DOD.MIBR.CD,,,,,,,,,,,0,0,0,0,0,0,0,0,0,0,0,0,0,0,0,0,0,0,0,0,0,0,0,0,0,0,0,0,0,0,0,0,0,0,0,0,0,0,0,0,0,0,0,0,0,0,0,0,0,
South Asia,SAS,"PPG, IBRD (DOD, current US$)",DT.DOD.MIBR.CD,,,,,,,,,,,851954000,853886000,833133000,799894000,832206000,802029000,856800000,894297000,880890000,891405000,878184000,862549000,953755000,977994000,901885000,1251687000,2045102000,3019172000,4476179000,5966877000,7456146000,8767780000,9689425000,10884013000,12455368000,11752563000,10916955000,10611083000,10748797532,10896820000,10209696000,9832015000,7848142000,6610790000,7123220000,7514261000,8150798000,8765728000,9375644000,10151391000,12867605000,13133993000,13267177000,13167306000,13211660000,13626768000,14251539000,14352596000,14964832000,
Saudi Arabia,SAU,"PPG, IBRD (DOD, current US$)",DT.DOD.MIBR.CD,,,,,,,,,,,,,,,,,,,,,,,,,,,,,,,,,,,,,,,,,,,,,,,,,,,,,,,,,,,,
Sudan,SDN,"PPG, IBRD (DOD, current US$)",DT.DOD.MIBR.CD,,,,,,,,,,,91203000,92514000,91302000,86951000,80714000,74066000,67041000,60223000,54201000,48989000,46149000,48204000,46838000,44637000,41340000,42985000,46308000,48817000,37179000,28123000,19355000,14784000,9346000,6256000,6292000,6308000,6269000,6224000,6250000,2961000,469000,0,0,0,0,0,0,0,0,0,0,0,0,0,0,0,0,0,0,
Senegal,SEN,"PPG, IBRD (DOD, current US$)",DT.DOD.MIBR.CD,,,,,,,,,,,2246000,2210000,2312000,2760000,3310000,10188000,14613000,27110000,32088000,40617000,56579000,76446000,78578000,86300000,75826000,89316000,110440000,126191000,105617000,94094000,87973000,75534000,61976000,51950000,44124000,34529000,22787000,14239000,8614000,4102000,1253000,0,0,0,0,0,0,0,0,0,0,0,0,0,0,0,0,0,0,
Singapore,SGP,"PPG, IBRD (DOD, current US$)",DT.DOD.MIBR.CD,,,,,,,,,,,,,,,,,,,,,,,,,,,,,,,,,,,,,,,,,,,,,,,,,,,,,,,,,,,,
Solomon Islands,SLB,"PPG, IBRD (DOD, current US$)",DT.DOD.MIBR.CD,,,,,,,,,,,0,0,0,0,0,0,0,0,0,0,0,0,0,0,0,0,0,0,0,0,0,0,0,0,0,0,0,0,0,0,0,0,0,0,0,0,0,0,0,0,0,0,0,0,0,0,0,0,0,
Sierra Leone,SLE,"PPG, IBRD (DOD, current US$)",DT.DOD.MIBR.CD,,,,,,,,,,,6320000,6674000,6765000,6481000,9825000,11616000,11220000,10515000,10266000,11886000,13387000,12509000,11551000,10920000,8060000,8971000,9293000,11339000,10050000,9744000,10620000,10340000,3572000,3292000,3156000,2912000,2077000,1645000,944000,299000,0,0,0,0,0,0,0,0,0,0,0,0,0,0,0,0,0,0,0,
El Salvador,SLV,"PPG, IBRD (DOD, current US$)",DT.DOD.MIBR.CD,,,,,,,,,,,24837000,23751000,22266000,23819000,29326000,41018000,48852000,56057000,65023000,79644000,87125000,98337000,105358000,106245000,94789000,119440000,140130000,166519000,155442000,141866000,140402000,188759000,181581000,220100000,290066000,306695000,282312000,274899000,287113000,292794000,309227000,334036000,370676000,372069000,347765000,436060000,417001000,400687000,399735000,569011000,914508000,1013641000,982862000,963556000,943621000,916766000,908263000,902989000,872905000,
San Marino,SMR,"PPG, IBRD (DOD, current US$)",DT.DOD.MIBR.CD,,,,,,,,,,,,,,,,,,,,,,,,,,,,,,,,,,,,,,,,,,,,,,,,,,,,,,,,,,,,
Somalia,SOM,"PPG, IBRD (DOD, current US$)",DT.DOD.MIBR.CD,,,,,,,,,,,0,0,0,0,0,0,0,0,0,0,0,0,0,0,0,0,0,0,0,0,0,0,0,0,0,0,0,0,0,0,0,0,0,0,0,0,0,0,0,0,0,0,0,0,0,0,0,0,0,
Serbia,SRB,"PPG, IBRD (DOD, current US$)",DT.DOD.MIBR.CD,,,,,,,,,,,243748000,276947000,316483000,351663000,424592000,559144000,655135000,758149000,897584000,1142982000,1358834000,1482451000,1683522000,1814164000,1737615000,2268089000,2788386000,3311045000,2720024000,2394594000,2432588000,2148720000,1977534000,1125556000,1203638000,1252441000,1178044000,1111673000,1147827000,1131553000,1097069000,1084570000,1882196000,2267785000,2470201000,2147049000,2126741000,2326313000,2276330000,1782728000,1818445000,1859335000,1915024000,1978402000,1865350000,2000260000,1947456000,2544017000,2479639000,
Sub-Saharan Africa (excluding high income),SSA,"PPG, IBRD (DOD, current US$)",DT.DOD.MIBR.CD,,,,,,,,,,,587397000,678925000,829742000,922170000,1039096000,1259060000,1491257000,1723716000,2014979000,2260769000,2547688000,2853883000,3326865000,3863094000,3961337000,5273358000,7030654000,9271073000,8429240000,8425574000,9172718000,9027805000,8422702073,8180394825,8066969275,7635554558,6376557000,5298067000,4949415000,4171214000,3473750000,2899926000,2719501000,2671564000,2473313000,2013531000,1799329000,1524455000,994326000,900264000,1157587000,1410563000,1961960000,2304006000,2963189000,3215647000,3798552000,4771858000,4477181000,
South Sudan,SSD,"PPG, IBRD (DOD, current US$)",DT.DOD.MIBR.CD,,,,,,,,,,,,,,,,,,,,,,,,,,,,,,,,,,,,,,,,,,,,,,,,,,,,,,,,,,,,
Sub-Saharan Africa,SSF,"PPG, IBRD (DOD, current US$)",DT.DOD.MIBR.CD,,,,,,,,,,,,,,,,,,,,,,,,,,,,,,,,,,,,,,,,,,,,,,,,,,,,,,,,,,,,
Small states,SST,"PPG, IBRD (DOD, current US$)",DT.DOD.MIBR.CD,,,,,,,,,,,,,,,,,,,,,,,,,,,,,,,,,,,,,,,,,,,,,,,,,,,,,,,,,,,,
Sao Tome and Principe,STP,"PPG, IBRD (DOD, current US$)",DT.DOD.MIBR.CD,,,,,,,,,,,0,0,0,0,0,0,0,0,0,0,0,0,0,0,0,0,0,0,0,0,0,0,0,0,0,0,0,0,0,0,0,0,0,0,0,0,0,0,0,0,0,0,0,0,0,0,0,0,0,
Suriname,SUR,"PPG, IBRD (DOD, current US$)",DT.DOD.MIBR.CD,,,,,,,,,,,,,,,,,,,,,,,,,,,,,,,,,,,,,,,,,,,,,,,,,,,,,,,,,,,,
Slovak Republic,SVK,"PPG, IBRD (DOD, current US$)",DT.DOD.MIBR.CD,,,,,,,,,,,,,,,,,,,,,,,,,,,,,,,,,,,,,,,,,,,,,,,,,,,,,,,,,,,,
Slovenia,SVN,"PPG, IBRD (DOD, current US$)",DT.DOD.MIBR.CD,,,,,,,,,,,,,,,,,,,,,,,,,,,,,,,,,,,,,,,,,,,,,,,,,,,,,,,,,,,,
Sweden,SWE,"PPG, IBRD (DOD, current US$)",DT.DOD.MIBR.CD,,,,,,,,,,,,,,,,,,,,,,,,,,,,,,,,,,,,,,,,,,,,,,,,,,,,,,,,,,,,
Eswatini,SWZ,"PPG, IBRD (DOD, current US$)",DT.DOD.MIBR.CD,,,,,,,,,,,6120000,5825000,5510000,5180000,4835000,4476000,6301000,9602000,14293000,16334000,17660000,26805000,35610000,42926000,37204000,43501000,56147000,68526000,58675000,53296000,36939000,33294000,27617000,23538000,20938000,19202000,14472000,9855000,9904000,9131000,9007000,8959000,9050000,14843000,23657000,23642000,22420000,20105000,14178000,7570000,2367000,1179000,2455000,6117000,12550000,20446000,26404000,37763000,38899000,
Sint Maarten (Dutch part),SXM,"PPG, IBRD (DOD, current US$)",DT.DOD.MIBR.CD,,,,,,,,,,,,,,,,,,,,,,,,,,,,,,,,,,,,,,,,,,,,,,,,,,,,,,,,,,,,
Seychelles,SYC,"PPG, IBRD (DOD, current US$)",DT.DOD.MIBR.CD,,,,,,,,,,,,,,,,,,,,,,,,,,,,,,,,,,,,,,,,,,,,,,,,,,,,,,,,,,,,
Syrian Arab Republic,SYR,"PPG, IBRD (DOD, current US$)",DT.DOD.MIBR.CD,,,,,,,,,,,0,0,0,0,0,3639000,26602000,72295000,102919000,158073000,215278000,245591000,256078000,287013000,246088000,310639000,391837000,490347000,439651000,433763000,479393000,484497000,432499000,418577000,404889000,427585000,382535000,84871000,67047000,41497000,24928000,15477000,11164000,4420000,0,0,0,0,0,0,0,0,0,0,0,0,0,0,0,
Turks and Caicos Islands,TCA,"PPG, IBRD (DOD, current US$)",DT.DOD.MIBR.CD,,,,,,,,,,,,,,,,,,,,,,,,,,,,,,,,,,,,,,,,,,,,,,,,,,,,,,,,,,,,
Chad,TCD,"PPG, IBRD (DOD, current US$)",DT.DOD.MIBR.CD,,,,,,,,,,,0,0,0,0,0,0,0,0,0,0,0,0,0,0,0,0,0,0,0,0,0,0,0,0,0,0,0,0,0,0,0,9065000,9342000,30905000,36824000,35024000,30352000,25680000,0,0,0,0,0,0,0,0,0,0,0,
East Asia & Pacific (IDA & IBRD countries),TEA,"PPG, IBRD (DOD, current US$)",DT.DOD.MIBR.CD,,,,,,,,,,,,,,,,,,,,,,,,,,,,,,,,,,,,,,,,,,,,,,,,,,,,,,,,,,,,
Europe & Central Asia (IDA & IBRD countries),TEC,"PPG, IBRD (DOD, current US$)",DT.DOD.MIBR.CD,,,,,,,,,,,,,,,,,,,,,,,,,,,,,,,,,,,,,,,,,,,,,,,,,,,,,,,,,,,,
Togo,TGO,"PPG, IBRD (DOD, current US$)",DT.DOD.MIBR.CD,,,,,,,,,,,0,0,0,0,0,0,0,0,3500000,3500000,3500000,3390000,3150000,2890000,19424000,25509000,21681000,21341000,18019000,11860000,4967000,0,0,0,0,0,0,0,0,0,0,0,0,0,0,0,0,0,0,0,0,0,0,0,0,0,0,0,0,
Thailand,THA,"PPG, IBRD (DOD, current US$)",DT.DOD.MIBR.CD,,,,,,,,,,,159314000,169617000,191411000,218352000,241316000,269753000,298400000,345747000,433988000,551516000,671150000,935782000,1270411000,1651399000,1626935500,2201656600,2781097800,3413339320,2616085940,2271376140,2421333952,2419559440,1897960064,1924815090,1782018141,1804645577,1607347379,1727628534,2111064778,2722708000,2940149000,2997607000,2345824000,2098426000,483437000,385961000,335787000,63450000,65080000,74380000,72683000,66938000,162435000,1052811000,1045806000,1038577000,1031572000,1024567000,1017562000,
Tajikistan,TJK,"PPG, IBRD (DOD, current US$)",DT.DOD.MIBR.CD,,,,,,,,,,,0,0,0,0,0,0,0,0,0,0,0,0,0,0,0,0,0,0,0,0,0,0,0,0,0,0,0,0,0,0,0,0,0,0,0,0,0,0,0,0,0,0,0,0,0,0,0,0,0,
Turkmenistan,TKM,"PPG, IBRD (DOD, current US$)",DT.DOD.MIBR.CD,,,,,,,,,,,0,0,0,0,0,0,0,0,0,0,0,0,0,0,0,0,0,0,0,0,0,0,0,0,0,942000,3326000,6185000,8836000,8676000,28021000,30014000,30989000,29732000,31167000,29063000,20957000,15397000,14151000,12828000,11425000,9935000,8359000,6687000,4917000,3038000,1049000,0,0,
Latin America & the Caribbean (IDA & IBRD countries),TLA,"PPG, IBRD (DOD, current US$)",DT.DOD.MIBR.CD,,,,,,,,,,,,,,,,,,,,,,,,,,,,,,,,,,,,,,,,,,,,,,,,,,,,,,,,,,,,
Timor-Leste,TLS,"PPG, IBRD (DOD, current US$)",DT.DOD.MIBR.CD,,,,,,,,,,,0,0,0,0,0,0,0,0,0,0,0,0,0,0,0,0,0,0,0,0,0,0,0,0,0,0,0,0,0,0,0,0,0,0,0,0,0,0,0,0,0,0,0,0,38000,40000,42000,2077000,5700000,
Middle East & North Africa (IDA & IBRD countries),TMN,"PPG, IBRD (DOD, current US$)",DT.DOD.MIBR.CD,,,,,,,,,,,,,,,,,,,,,,,,,,,,,,,,,,,,,,,,,,,,,,,,,,,,,,,,,,,,
Tonga,TON,"PPG, IBRD (DOD, current US$)",DT.DOD.MIBR.CD,,,,,,,,,,,0,0,0,0,0,0,0,0,0,0,0,0,0,0,0,0,0,0,0,0,0,0,0,0,0,0,0,0,0,0,0,0,0,0,0,0,0,0,0,0,0,0,0,0,0,0,0,0,0,
South Asia (IDA & IBRD),TSA,"PPG, IBRD (DOD, current US$)",DT.DOD.MIBR.CD,,,,,,,,,,,,,,,,,,,,,,,,,,,,,,,,,,,,,,,,,,,,,,,,,,,,,,,,,,,,
Sub-Saharan Africa (IDA & IBRD countries),TSS,"PPG, IBRD (DOD, current US$)",DT.DOD.MIBR.CD,,,,,,,,,,,,,,,,,,,,,,,,,,,,,,,,,,,,,,,,,,,,,,,,,,,,,,,,,,,,
Trinidad and Tobago,TTO,"PPG, IBRD (DOD, current US$)",DT.DOD.MIBR.CD,,,,,,,,,,,,,,,,,,,,,,,,,,,,,,,,,,,,,,,,,,,,,,,,,,,,,,,,,,,,
Tunisia,TUN,"PPG, IBRD (DOD, current US$)",DT.DOD.MIBR.CD,,,,,,,,,,,26270000,39343000,52165000,70066000,88645000,109815000,127881000,167267000,189423000,232009000,269000000,319534000,375581000,434217000,398063000,557650000,788864000,1052462000,1018953000,1153779000,1346505000,1551893000,1469844000,1594612000,1715408000,1716827000,1609645000,1434333000,1458310000,1323144000,1211130000,1296576000,1463768000,1779401000,1823701000,1565343000,1443848000,1570513000,1353300000,1385407000,1380986000,1775096000,2197099000,2137812000,2052380000,2390920000,2337141000,3155439000,3511949000,
Turkey,TUR,"PPG, IBRD (DOD, current US$)",DT.DOD.MIBR.CD,,,,,,,,,,,53497000,72289000,91849000,141026000,208073000,287880000,391326000,511635000,647711000,890049000,1157517000,1545868000,1962253000,2336134000,2357874000,3431970000,4662039360,6289514648,6129711416,5868682696,6271741096,6178839414,5563690340,5285053155,5194684981,4939183445,4260440999,3586518000,3445771000,2902334000,3633732000,4707443000,5367108000,5213764000,6152862000,5829467000,6854003000,7541306000,8046413000,9768795000,11563202000,12214779000,13152187000,14014024000,12906532000,11713584000,10845424000,12028160000,11676674000,
Tuvalu,TUV,"PPG, IBRD (DOD, current US$)",DT.DOD.MIBR.CD,,,,,,,,,,,,,,,,,,,,,,,,,,,,,,,,,,,,,,,,,,,,,,,,,,,,,,,,,,,,
Tanzania,TZA,"PPG, IBRD (DOD, current US$)",DT.DOD.MIBR.CD,,,,,,,,,,,3719000,10874000,24038000,32859000,40912000,80402000,90104000,113063000,138506000,168255000,197697000,210026000,211136000,223218000,206093000,265747000,291197000,324825000,279373000,251498000,242533000,207748000,170828000,139477000,114432000,86664000,55966000,33788000,21868000,15845000,11425000,7950000,5505000,2865000,0,0,0,0,0,0,0,0,0,0,0,0,0,0,0,
Uganda,UGA,"PPG, IBRD (DOD, current US$)",DT.DOD.MIBR.CD,,,,,,,,,,,5989000,5559000,5105000,4624000,4115000,3577000,3007000,2404000,2089000,1432000,736000,0,0,0,35398000,37108000,42528000,49797000,43552000,36750000,34432000,29452000,21176000,15471000,10867000,0,0,0,0,0,0,0,0,0,0,0,0,0,0,0,0,0,0,0,0,0,0,0,0,
Ukraine,UKR,"PPG, IBRD (DOD, current US$)",DT.DOD.MIBR.CD,,,,,,,,,,,0,0,0,0,0,0,0,0,0,0,0,0,0,0,0,0,0,0,0,0,0,0,0,69000,101732000,491384000,858875000,1111050000,1541638782,1954339000,1990907000,2247791000,2232560000,2270983000,2168152000,2428944000,2361657000,2309407000,3022316000,3293870000,3212187000,3188725000,3223620000,3314219000,4700920000,5590099000,5510437000,5361895000,5334825000,
Upper middle income,UMC,"PPG, IBRD (DOD, current US$)",DT.DOD.MIBR.CD,,,,,,,,,,,2346702000,2679266000,3097461000,3591503000,4274387000,5066048000,5786462000,6710862000,7749579000,9289404000,11862211000,14031285000,16470625000,19158273000,18900418500,26347281200,35654429940,45912470980,42176917535,41045242585,47256043381,48632817908,46066481699,48081156244,51603234122,55979264021,54933175379,55897992534,62058681778,65411403000,68699520000,70857738000,71921193000,71348307000,69948891000,66308375000,62873530000,63760798000,66435241000,75187121325,85949355000,84438088000,90112725000,96298697000,97892752000,98883734000,1.01684E+11,1.06266E+11,1.07002E+11,
Uruguay,URY,"PPG, IBRD (DOD, current US$)",DT.DOD.MIBR.CD,,,,,,,,,,,,,,,,,,,,,,,,,,,,,,,,,,,,,,,,,,,,,,,,,,,,,,,,,,,,
United States,USA,"PPG, IBRD (DOD, current US$)",DT.DOD.MIBR.CD,,,,,,,,,,,,,,,,,,,,,,,,,,,,,,,,,,,,,,,,,,,,,,,,,,,,,,,,,,,,
Uzbekistan,UZB,"PPG, IBRD (DOD, current US$)",DT.DOD.MIBR.CD,,,,,,,,,,,0,0,0,0,0,0,0,0,0,0,0,0,0,0,0,0,0,0,0,0,0,0,0,0,907000,157364000,154907000,154787000,176742000,202614000,217410000,237037000,274706000,298262000,311595000,298920000,315883000,316518000,312641000,284404000,258960000,232140000,222457000,194935000,166224000,177623000,269755000,299405000,655395000,
St. Vincent and the Grenadines,VCT,"PPG, IBRD (DOD, current US$)",DT.DOD.MIBR.CD,,,,,,,,,,,0,0,0,0,0,0,0,0,0,0,0,0,0,0,0,0,0,0,0,0,0,45000,160000,447000,458000,384000,334000,279000,222000,190000,149000,113000,474000,585000,948000,945000,3389000,3217000,2950000,3324000,5221000,6805000,5991000,5197000,4442000,3687000,2932000,2177000,1415000,
"Venezuela, RB",VEN,"PPG, IBRD (DOD, current US$)",DT.DOD.MIBR.CD,,,,,,,,,,,216696000,215790000,221027000,222387000,225514000,221403000,213177000,196379000,179109000,155343000,133166000,105881000,87477000,68838000,53761000,41894000,22546000,11325000,4035000,119076000,973988000,1339918000,1479444000,1528637000,1653275000,1639115000,1407789000,1212698000,1219012000,1129463000,971905000,838508000,670050000,484452000,293799000,199663000,50820000,0,0,0,0,0,0,0,0,0,0,0,0,
British Virgin Islands,VGB,"PPG, IBRD (DOD, current US$)",DT.DOD.MIBR.CD,,,,,,,,,,,,,,,,,,,,,,,,,,,,,,,,,,,,,,,,,,,,,,,,,,,,,,,,,,,,
Virgin Islands (U.S.),VIR,"PPG, IBRD (DOD, current US$)",DT.DOD.MIBR.CD,,,,,,,,,,,,,,,,,,,,,,,,,,,,,,,,,,,,,,,,,,,,,,,,,,,,,,,,,,,,
Vietnam,VNM,"PPG, IBRD (DOD, current US$)",DT.DOD.MIBR.CD,,,,,,,,,,,0,0,0,0,0,0,0,0,0,0,0,0,0,0,0,0,0,0,0,0,0,0,0,0,0,0,0,0,0,0,0,0,0,0,0,0,0,0,0,0,700000000,794282000,983590000,1098219000,1177803000,1437164000,1647673000,1952959000,2059347000,
Vanuatu,VUT,"PPG, IBRD (DOD, current US$)",DT.DOD.MIBR.CD,,,,,,,,,,,0,0,0,0,0,0,0,0,0,0,0,0,0,0,0,0,0,0,0,0,0,0,0,0,0,0,0,0,0,0,0,0,0,0,0,0,0,0,0,0,0,0,0,0,0,0,0,0,0,
World,WLD,"PPG, IBRD (DOD, current US$)",DT.DOD.MIBR.CD,,,,,,,,,,,,,,,,,,,,,,,,,,,,,,,,,,,,,,,,,,,,,,,,,,,,,,,,,,,,
Samoa,WSM,"PPG, IBRD (DOD, current US$)",DT.DOD.MIBR.CD,,,,,,,,,,,0,0,0,0,0,0,0,0,0,0,0,0,0,0,0,0,0,0,0,0,0,0,0,0,0,0,0,0,0,0,0,0,0,0,0,0,0,0,0,0,0,0,0,0,0,0,0,0,0,
Kosovo,XKX,"PPG, IBRD (DOD, current US$)",DT.DOD.MIBR.CD,,,,,,,,,,,0,0,0,0,0,0,0,0,0,0,0,0,0,0,0,0,0,0,0,0,0,0,0,0,0,0,0,0,0,0,0,0,0,0,0,0,0,0,0,358529325,318968000,292826000,283437000,280375000,233784000,197126000,179145000,189774000,168321000,
"Yemen, Rep.",YEM,"PPG, IBRD (DOD, current US$)",DT.DOD.MIBR.CD,,,,,,,,,,,0,0,0,0,0,0,0,0,0,0,0,0,0,0,0,0,0,0,0,0,0,0,0,0,0,0,0,0,0,0,0,0,0,0,0,0,0,0,0,0,0,0,0,0,0,0,0,0,0,
South Africa,ZAF,"PPG, IBRD (DOD, current US$)",DT.DOD.MIBR.CD,,,,,,,,,,,0,0,0,0,0,0,0,0,0,0,0,0,0,0,0,0,0,0,0,0,0,0,0,0,0,0,0,0,0,710000,3372000,7357000,12498000,15633000,22594000,30854000,29010000,26501000,26168000,20673000,383733000,583108000,1077011000,1336687000,1966737000,1784791000,2342769000,2686253000,2277401000,
Zambia,ZMB,"PPG, IBRD (DOD, current US$)",DT.DOD.MIBR.CD,,,,,,,,,,,61433000,64692000,73925000,94149000,138305000,183811000,253486000,293369000,320382000,335539000,345680000,346553000,347754000,345288000,287245000,369773000,460356000,554922000,507838000,501008000,539155000,373065000,288918000,240048000,201044000,163129000,105245000,62419000,41358000,32518000,24686000,16903000,10477000,3283000,0,0,0,0,0,0,0,0,0,0,0,0,0,0,0,
Zimbabwe,ZWE,"PPG, IBRD (DOD, current US$)",DT.DOD.MIBR.CD,,,,,,,,,,,40589000,37046000,32514000,28264000,23863000,19305000,15045000,11779000,9049000,6180000,3166000,41928000,55469000,96289000,128040000,204691000,280380000,372632000,346528000,352615000,381343000,409843000,441606000,528368000,556212000,559911000,512882000,473295000,498331000,472940000,416252000,391928000,420595000,453313000,466859000,437299000,445242000,454568000,464026000,463125000,463001000,463139000,462802000,462425000,458193000,450444000,438745000,434862000,434629000,
